generator,corr,lambda_interference,randers_mode,reference_load,n_points,prefactor_a,decay_beta,loglog_r2
biased,0.15,0.5,mean,0.1,3,0.00030963099293234396,0.9283948811866004,0.9998386811886512
biased,0.15,0.5,mean,0.3,3,0.002376680680877238,1.2674389339877643,0.9970600456212058
biased,0.15,0.5,mean,0.6,4,0.001771132417277129,1.234047823506166,0.922740406527924
biased,0.15,0.5,pc1,0.1,3,0.0021508348284132155,1.243029783127311,0.9778616699465299
biased,0.15,0.5,pc1,0.3,4,0.008101727971571954,1.4627018963442846,0.9911889405322984
biased,0.15,0.5,pc1,0.6,4,0.0002438293609551804,0.9071677995655263,0.8173475540689615
biased,0.15,0.5,random-fixed,0.1,2,nan,nan,nan
biased,0.15,0.5,random-fixed,0.3,4,0.010509415885600204,1.5078857982494833,0.9562529659227837
biased,0.15,0.5,random-fixed,0.6,4,0.002007594765326055,1.242078012467693,0.9803773591825916
biased,0.15,1.0,mean,0.1,4,0.0025799355614695534,1.2069755661434367,0.7564899984598181
biased,0.15,1.0,mean,0.3,4,4.833364331174976e-05,0.5648014810475865,0.09029306311363261
biased,0.15,1.0,mean,0.6,4,9.192662035779507e-06,0.13611256727038362,0.017565078126243416
biased,0.15,1.0,pc1,0.1,3,0.026342288077871045,1.5549819418567419,0.9901178457898469
biased,0.15,1.0,pc1,0.3,4,0.0006374938457593823,0.889379466826242,0.7944348624102315
biased,0.15,1.0,pc1,0.6,4,0.051402893791256725,1.6911497836811284,0.8780413019461533
biased,0.15,1.0,random-fixed,0.1,3,0.7014697919996058,2.1639879651593463,0.964537346746712
biased,0.15,1.0,random-fixed,0.3,4,0.002251570659333374,1.1246457088283803,0.9396295396547496
biased,0.15,1.0,random-fixed,0.6,4,5.137165353469229e-06,0.0835466600387718,0.054134049933682205
biased,0.15,2.0,mean,0.1,2,nan,nan,nan
biased,0.15,2.0,mean,0.3,4,0.09547927665826927,1.739931910362956,0.7854265188281171
biased,0.15,2.0,mean,0.6,4,0.053028422476806676,1.571019837100816,0.8299272499071554
biased,0.15,2.0,pc1,0.1,4,0.30808286035912424,1.8238005922898444,0.9154913723599094
biased,0.15,2.0,pc1,0.3,4,0.005598918929449897,1.2050090150610067,0.9352682252799787
biased,0.15,2.0,pc1,0.6,4,0.01014631927144756,1.2745519885428258,0.9721657651154562
biased,0.15,2.0,random-fixed,0.1,4,0.07826044168756263,1.5940376481683536,0.9547437913189555
biased,0.15,2.0,random-fixed,0.3,4,0.0009898406393007077,0.9203154664030949,0.8776666112532552
biased,0.15,2.0,random-fixed,0.6,4,0.0328062718907084,1.4646347829572217,0.9800568632544758
biased,0.15,4.0,mean,0.1,3,0.006552627897657382,1.0559348634402177,0.9878770066512657
biased,0.15,4.0,mean,0.3,3,0.0005718241061369897,0.6781753604400179,0.9992536344515137
biased,0.15,4.0,mean,0.6,4,0.004292224347484809,1.0004393494604296,0.9782740831609902
biased,0.15,4.0,pc1,0.1,3,0.004352206180592996,1.0624298027778158,0.6457816183796568
biased,0.15,4.0,pc1,0.3,4,0.10999035438063835,1.5352102551134845,0.9916909049626138
biased,0.15,4.0,pc1,0.6,4,0.003922125185358666,1.062228714645863,0.8719269226404314
biased,0.15,4.0,random-fixed,0.1,3,0.006692233997664387,1.0379016865302997,0.9403427730060274
biased,0.15,4.0,random-fixed,0.3,4,5.611401949208876e-05,0.2764798981113322,0.17443557360015005
biased,0.15,4.0,random-fixed,0.6,4,0.000463117315380088,0.630932829880485,0.8784785650569964
biased,0.25,0.5,mean,0.1,4,0.002630450617174548,0.8980801490605093,0.9944289616045604
biased,0.25,0.5,mean,0.3,4,0.0015010350215252243,0.7785391205137557,0.9439915682825512
biased,0.25,0.5,mean,0.6,4,0.001353489549539724,0.7649974121381125,0.9796507725449786
biased,0.25,0.5,pc1,0.1,4,0.005006072578635994,0.9844357976724173,0.9789978480057514
biased,0.25,0.5,pc1,0.3,4,0.0031292631766110116,0.922274928471376,0.9744283039300243
biased,0.25,0.5,pc1,0.6,4,0.0004404011467795307,0.5654820471625225,0.9129798554319672
biased,0.25,0.5,random-fixed,0.1,4,0.00047734326557059945,0.5909221969831313,0.8756653171015829
biased,0.25,0.5,random-fixed,0.3,4,0.0011183040555596152,0.7350752576113876,0.9276212832169383
biased,0.25,0.5,random-fixed,0.6,4,0.0015849933431500043,0.7886417668812287,0.8975670187869712
biased,0.25,1.0,mean,0.1,4,0.05818562008883553,1.2882006905798196,0.9471943427453974
biased,0.25,1.0,mean,0.3,4,0.006285219873190364,0.9204672448004974,0.9231571565361971
biased,0.25,1.0,mean,0.6,4,0.0020895391976321837,0.7253886424320507,0.9491179911287885
biased,0.25,1.0,pc1,0.1,4,0.005577827420532894,0.8860730861900106,0.9905933072454142
biased,0.25,1.0,pc1,0.3,4,0.005808369922522186,0.920226314785584,0.9878389576596646
biased,0.25,1.0,pc1,0.6,4,0.00510011811214605,0.8701144777094604,0.9963096033478676
biased,0.25,1.0,random-fixed,0.1,4,7.34376125763664e-05,0.14928528173450215,0.120547392580027
biased,0.25,1.0,random-fixed,0.3,4,0.015313848282811704,1.0628166624422175,0.9962161644568006
biased,0.25,1.0,random-fixed,0.6,4,0.0037722317698317648,0.8149224648788576,0.9732858881362504
biased,0.25,2.0,mean,0.1,4,0.0012374374941736318,0.5078429880990554,0.7799095415218135
biased,0.25,2.0,mean,0.3,4,0.0013694080543808756,0.5177978688938392,0.9744941513409902
biased,0.25,2.0,mean,0.6,4,0.0046868965148322145,0.7406324128130168,0.9969743718248288
biased,0.25,2.0,pc1,0.1,4,0.0022550246339264703,0.6267534664734701,0.9328928196327241
biased,0.25,2.0,pc1,0.3,4,0.0015449611020954882,0.5583775080134349,0.9031471566349364
biased,0.25,2.0,pc1,0.6,4,0.0010834258946135799,0.48838454258143876,0.9062230538803951
biased,0.25,2.0,random-fixed,0.1,4,0.0011333142349618094,0.4896666972768549,0.7064306212355745
biased,0.25,2.0,random-fixed,0.3,4,2.3946438994007647e-05,-0.16256232266399087,0.04703988513612989
biased,0.25,2.0,random-fixed,0.6,4,0.004775977653447031,0.7418905153677043,0.9966713885738626
biased,0.25,4.0,mean,0.1,4,0.004995918676193613,0.6489352234031781,0.9329817425754612
biased,0.25,4.0,mean,0.3,4,0.03516190706253062,0.9697496152552926,0.992352192316089
biased,0.25,4.0,mean,0.6,4,0.0513752287112002,1.0330040835358254,0.9700886818937017
biased,0.25,4.0,pc1,0.1,4,0.026719309605428076,0.9258660296389285,0.8796410916857647
biased,0.25,4.0,pc1,0.3,4,0.01106832785959424,0.760401223703569,0.9771698946158153
biased,0.25,4.0,pc1,0.6,4,0.042194068335191404,0.9989671912711402,0.9755872705413674
biased,0.25,4.0,random-fixed,0.1,4,0.012116200853347057,0.7929490375301436,0.9573839512242108
biased,0.25,4.0,random-fixed,0.3,4,0.026068222814803945,0.9214417849821047,0.9955713636794866
biased,0.25,4.0,random-fixed,0.6,4,0.010858468509386916,0.7629745778409379,0.9713303380520895
biased,0.35,0.5,mean,0.1,4,0.005845593700063053,0.6970026802214779,0.9480898404263648
biased,0.35,0.5,mean,0.3,4,0.003575468694887474,0.6062916469404409,0.9740589007411394
biased,0.35,0.5,mean,0.6,4,0.00375446614791186,0.6143192756418211,0.9674726383517791
biased,0.35,0.5,pc1,0.1,4,0.0012020615779342575,0.4163636049523313,0.9118574039872184
biased,0.35,0.5,pc1,0.3,4,0.002204752605700237,0.5337882722613736,0.9745767575729117
biased,0.35,0.5,pc1,0.6,4,0.00356691413065251,0.6158917602432066,0.9874930449374048
biased,0.35,0.5,random-fixed,0.1,4,0.0017081747260213687,0.48287869846214265,0.9411198397796425
biased,0.35,0.5,random-fixed,0.3,4,0.0016361301617630252,0.4787346089410966,0.9772206935113313
biased,0.35,0.5,random-fixed,0.6,4,0.0029100338334802746,0.581877667346563,0.9249265229645565
biased,0.35,1.0,mean,0.1,4,0.0051582434798545865,0.5659385372157183,0.9833378424397627
biased,0.35,1.0,mean,0.3,4,0.007410811103073253,0.6125263544144907,0.9964395229002772
biased,0.35,1.0,mean,0.6,4,0.007428191615855895,0.6191962557933928,0.9332676743576616
biased,0.35,1.0,pc1,0.1,4,0.008674332472480813,0.656701923403669,0.8053525079832689
biased,0.35,1.0,pc1,0.3,4,0.007644636014409331,0.6250974425413185,0.9792540500737805
biased,0.35,1.0,pc1,0.6,4,0.0051176919523738046,0.5539024684893834,0.9775415698013289
biased,0.35,1.0,random-fixed,0.1,4,0.003979309778962756,0.5042383955938018,0.938182790817851
biased,0.35,1.0,random-fixed,0.3,4,0.0026137168569058396,0.4294014106763175,0.9804926710553399
biased,0.35,1.0,random-fixed,0.6,4,0.005329128524235096,0.5548818040597651,0.9939877114020499
biased,0.35,2.0,mean,0.1,4,0.01558606351592263,0.6252928476767305,0.9756652547674957
biased,0.35,2.0,mean,0.3,4,0.008293444577460276,0.527714503369676,0.9888934925021828
biased,0.35,2.0,mean,0.6,4,0.008606732988233832,0.516534084355725,0.982381546296436
biased,0.35,2.0,pc1,0.1,4,0.010872416329718696,0.5621710090733226,0.967802229765267
biased,0.35,2.0,pc1,0.3,4,0.013020656994746247,0.6017968406222187,0.9855988590563103
biased,0.35,2.0,pc1,0.6,4,0.010103659082978703,0.5513502552268932,0.9950601067262539
biased,0.35,2.0,random-fixed,0.1,4,0.0065307708160978395,0.46461610497472194,0.9600646861981803
biased,0.35,2.0,random-fixed,0.3,4,0.009057207435150363,0.5272826072271015,0.9987947006498358
biased,0.35,2.0,random-fixed,0.6,4,0.0049783058440496285,0.42707793223357543,0.9841076730422378
biased,0.35,4.0,mean,0.1,4,0.03095560194103354,0.6172506358468439,0.9527689639780407
biased,0.35,4.0,mean,0.3,4,0.021949056640206133,0.5628566410999921,0.9747895123105311
biased,0.35,4.0,mean,0.6,4,0.03110201742814028,0.6241408694448191,0.9946614636639491
biased,0.35,4.0,pc1,0.1,4,0.05241987995055754,0.7132896432630169,0.8791061942155344
biased,0.35,4.0,pc1,0.3,4,0.027551146654331782,0.6213684208013972,0.9203392731378564
biased,0.35,4.0,pc1,0.6,4,0.02312731659374862,0.5830958388355755,0.993898428664901
biased,0.35,4.0,random-fixed,0.1,4,0.04575749240571191,0.6882881978990781,0.9649005940575802
biased,0.35,4.0,random-fixed,0.3,4,0.02857535714412812,0.6157946171575825,0.9492902127440727
biased,0.35,4.0,random-fixed,0.6,4,0.027302871787507732,0.6047025229399505,0.9041150003048075
biased,0.45,0.5,mean,0.1,4,0.002672105632539417,0.2766857218252307,0.9670164722450526
biased,0.45,0.5,mean,0.3,4,0.004760953964303469,0.36419272566535343,0.9623973344956687
biased,0.45,0.5,mean,0.6,4,0.005969989675952423,0.40946731401935027,0.9525891202447464
biased,0.45,0.5,pc1,0.1,4,0.005384997527198342,0.39244100227654694,0.8296312499862534
biased,0.45,0.5,pc1,0.3,4,0.0036755325297104925,0.3108134239156731,0.9031657462655149
biased,0.45,0.5,pc1,0.6,4,0.003799006999638579,0.33513206439697835,0.9276025713166456
biased,0.45,0.5,random-fixed,0.1,4,0.00412526582550199,0.347853973806673,0.922792919090503
biased,0.45,0.5,random-fixed,0.3,4,0.004761013768122297,0.36853997054244514,0.9676612420686014
biased,0.45,0.5,random-fixed,0.6,4,0.004314700463389159,0.3500303147734628,0.9868754170118959
biased,0.45,1.0,mean,0.1,4,0.008792880555592722,0.3485680709988041,0.9950083225729339
biased,0.45,1.0,mean,0.3,4,0.015251868788123808,0.45697747585129533,0.8639650102497068
biased,0.45,1.0,mean,0.6,4,0.009084967994052517,0.36554512228025104,0.9618913405527995
biased,0.45,1.0,pc1,0.1,4,0.005299618899703358,0.2623838746499023,0.9394138165341086
biased,0.45,1.0,pc1,0.3,4,0.006573448634705132,0.3110086282378086,0.9025471889244008
biased,0.45,1.0,pc1,0.6,4,0.006237710843201408,0.29932749144543935,0.879696317827037
biased,0.45,1.0,random-fixed,0.1,4,0.010454346832965039,0.38775837997836865,0.9101082264900802
biased,0.45,1.0,random-fixed,0.3,4,0.007419593957476052,0.3206823468019564,0.9343091864784278
biased,0.45,1.0,random-fixed,0.6,4,0.007893212426999507,0.33478018239144824,0.9883166782381206
biased,0.45,2.0,mean,0.1,4,0.03005903535429222,0.44819465927672963,0.9013403855562662
biased,0.45,2.0,mean,0.3,4,0.01673162895711875,0.35214090042751095,0.9669362816580663
biased,0.45,2.0,mean,0.6,4,0.012213171441993667,0.3023595527198873,0.9809678017152678
biased,0.45,2.0,pc1,0.1,4,0.025238843808794664,0.420163898640198,0.8586419692172576
biased,0.45,2.0,pc1,0.3,4,0.025078183979673176,0.42044605593615664,0.9875061556458048
biased,0.45,2.0,pc1,0.6,4,0.010690431981194256,0.2670306284704503,0.9809933447872392
biased,0.45,2.0,random-fixed,0.1,4,0.013923193291574487,0.3147740276057337,0.9217325549412982
biased,0.45,2.0,random-fixed,0.3,4,0.014967266944110371,0.3297763091583908,0.9543533704182307
biased,0.45,2.0,random-fixed,0.6,4,0.023853790702973842,0.4134863298442954,0.9731806829804384
biased,0.45,4.0,mean,0.1,4,0.033319144689420835,0.34467387049944226,0.97985656828669
biased,0.45,4.0,mean,0.3,4,0.026076899646731554,0.3063545684482838,0.9657468786176143
biased,0.45,4.0,mean,0.6,4,0.03524679479892556,0.3606244088271059,0.985084114277166
biased,0.45,4.0,pc1,0.1,4,0.02519823094051084,0.2967135294338098,0.8960731418031557
biased,0.45,4.0,pc1,0.3,4,0.03655987771062081,0.37376206450974986,0.9491595680562614
biased,0.45,4.0,pc1,0.6,4,0.03716638551116093,0.3636406012878916,0.937632891588215
biased,0.45,4.0,random-fixed,0.1,4,0.03438064349367834,0.3541228096601202,0.9703783806666209
biased,0.45,4.0,random-fixed,0.3,4,0.05297551782719697,0.4206100618290804,0.9292844092093042
biased,0.45,4.0,random-fixed,0.6,4,0.03333772381652631,0.35146185056679785,0.9780389848229036
block,0.15,0.5,mean,0.1,3,0.004609282174877205,1.4206434627379751,0.8295516638164512
block,0.15,0.5,mean,0.3,3,0.004944358491765874,1.3835974776166184,0.8699047902946464
block,0.15,0.5,mean,0.6,3,3.850822452609538e-05,0.553945471678684,0.9410612120714237
block,0.15,0.5,pc1,0.1,4,0.004168319155794223,1.4112368402946576,0.6856053704871483
block,0.15,0.5,pc1,0.3,3,0.03260629627674226,1.6632992497192511,0.9373722488362882
block,0.15,0.5,pc1,0.6,3,0.003140027808565845,1.3015502043661842,0.9998191767334382
block,0.15,0.5,random-fixed,0.1,4,0.006343910078370151,1.4521628240362237,0.6833064669912703
block,0.15,0.5,random-fixed,0.3,4,0.0037062497688761346,1.3213497179206473,0.9875018168823229
block,0.15,0.5,random-fixed,0.6,4,0.0008448470731499167,1.1311233006510402,0.4839155626226067
block,0.15,1.0,mean,0.1,2,nan,nan,nan
block,0.15,1.0,mean,0.3,4,0.002104349174359956,1.0992346537539628,0.9954108838471187
block,0.15,1.0,mean,0.6,4,6.597240859490488e-06,0.19536424840113983,0.1786531222635026
block,0.15,1.0,pc1,0.1,4,0.004980647149043056,1.2090057720610292,0.8738921819048346
block,0.15,1.0,pc1,0.3,4,6.772723441538048e-06,0.20181620823427343,0.02563284992168413
block,0.15,1.0,pc1,0.6,3,0.0013860675307290804,1.0511221803075368,0.999404867592743
block,0.15,1.0,random-fixed,0.1,3,0.01163966574275745,1.4257077671787293,0.9180807796232173
block,0.15,1.0,random-fixed,0.3,4,0.006498518976986023,1.3238182899222446,0.98199828603271
block,0.15,1.0,random-fixed,0.6,3,0.0015210635032872257,1.0861216274400376,0.8554757866337188
block,0.15,2.0,mean,0.1,4,0.0043606981496575135,1.1534210220467151,0.9103116796128131
block,0.15,2.0,mean,0.3,4,0.02394857188177339,1.443569871156264,0.7385794217768769
block,0.15,2.0,mean,0.6,3,1.4956457993494343e-05,0.17666489644523886,0.11647357397447378
block,0.15,2.0,pc1,0.1,3,8.343544946269845e-05,0.45132534598495466,0.8768788809262632
block,0.15,2.0,pc1,0.3,4,4.77718191962182e-09,-1.2576338062157122,0.31934587961551564
block,0.15,2.0,pc1,0.6,4,0.005849839614275467,1.1933083014132067,0.9799129196162911
block,0.15,2.0,random-fixed,0.1,3,0.05583301045532968,1.516776543792231,0.8691947020147864
block,0.15,2.0,random-fixed,0.3,4,0.0006982464892966467,0.7918668200149805,0.6777723621162206
block,0.15,2.0,random-fixed,0.6,4,0.01724457415265154,1.3665453590350698,0.9738132252474827
block,0.15,4.0,mean,0.1,4,0.6440205422081238,1.8841842035300047,0.9008452133266285
block,0.15,4.0,mean,0.3,4,0.11733888118175329,1.5929335314910618,0.9373847196526661
block,0.15,4.0,mean,0.6,4,0.044071523129144585,1.3851211744537022,0.8429933547965205
block,0.15,4.0,pc1,0.1,3,5.1416720372303676e-05,0.2112175917131561,0.2127015872523963
block,0.15,4.0,pc1,0.3,4,0.00034167335034498406,0.5959803586165402,0.2414456811523611
block,0.15,4.0,pc1,0.6,3,0.03840705015963872,1.3722525571017117,0.9996316369698326
block,0.15,4.0,random-fixed,0.1,3,4.619150444332965e-06,-0.05357391316719667,0.13803472152292195
block,0.15,4.0,random-fixed,0.3,4,0.009636152090494845,1.1264325986679777,0.9672215274431676
block,0.15,4.0,random-fixed,0.6,3,0.011219573943566324,1.1779584904165448,0.8946342991036321
block,0.25,0.5,mean,0.1,4,0.0005051075084387235,0.6041764035675624,0.9981705187550185
block,0.25,0.5,mean,0.3,4,0.004193063820669184,0.9643367007701612,0.999027004672359
block,0.25,0.5,mean,0.6,4,0.0030998649637400226,0.9067360481043043,0.9962944868663236
block,0.25,0.5,pc1,0.1,4,0.014178344988250113,1.184917688690006,0.9583735972902104
block,0.25,0.5,pc1,0.3,4,0.010675631399355137,1.142501998062732,0.9566490503371229
block,0.25,0.5,pc1,0.6,4,0.0034503474254853595,0.9291579240338683,0.9847749440540975
block,0.25,0.5,random-fixed,0.1,4,0.000613585986726299,0.6400256699501905,0.8846429921982241
block,0.25,0.5,random-fixed,0.3,4,0.0009964543989444664,0.7128666250119897,0.9670653618098057
block,0.25,0.5,random-fixed,0.6,4,0.0006250759535328816,0.6310616469533085,0.9650673160576975
block,0.25,1.0,mean,0.1,4,0.003350115835510173,0.8273493285090274,0.9613653016136889
block,0.25,1.0,mean,0.3,4,0.0009717190980142917,0.6006634641427167,0.981728370713861
block,0.25,1.0,mean,0.6,4,0.003937850265439557,0.8330089937217636,0.988869222348516
block,0.25,1.0,pc1,0.1,4,0.007335277324209678,0.935101646447892,0.9744180186102498
block,0.25,1.0,pc1,0.3,4,0.0012212857841683445,0.6363771975611188,0.9688684787707278
block,0.25,1.0,pc1,0.6,4,0.006674907687269951,0.9089450940638735,0.9894648307780844
block,0.25,1.0,random-fixed,0.1,4,0.014480644251298538,1.0452923727144625,0.9721112776973269
block,0.25,1.0,random-fixed,0.3,4,0.0006904105090781346,0.5157731510611547,0.6594948049873628
block,0.25,1.0,random-fixed,0.6,4,0.0008842124722222548,0.5725760116426731,0.9610175604887068
block,0.25,2.0,mean,0.1,4,4.06208815895295e-05,-0.07833132222157621,0.005944455546214367
block,0.25,2.0,mean,0.3,4,0.00896160372541174,0.8406797993208693,0.9992033567178553
block,0.25,2.0,mean,0.6,4,0.00422887223761307,0.7202697928462594,0.977024697296433
block,0.25,2.0,pc1,0.1,4,0.004280275792694716,0.7223249791428493,0.9663778173099893
block,0.25,2.0,pc1,0.3,4,0.008431841434746089,0.8484541092324399,0.9791203581203197
block,0.25,2.0,pc1,0.6,4,0.009627722840496842,0.8682459380589992,0.9952962786031108
block,0.25,2.0,random-fixed,0.1,4,0.02012446929902425,1.0084481691986398,0.9531468680930153
block,0.25,2.0,random-fixed,0.3,4,0.005838522249652853,0.7780166602405643,0.9706814128895768
block,0.25,2.0,random-fixed,0.6,4,0.005610840678935069,0.7823007762875915,0.9967898717489687
block,0.25,4.0,mean,0.1,4,0.00020677729255560298,0.08622664316315182,0.015121306633168907
block,0.25,4.0,mean,0.3,4,0.0010028590286805966,0.33957397366751674,0.414910576685104
block,0.25,4.0,mean,0.6,4,0.05779236673937888,1.0645744416553424,0.9891962908890481
block,0.25,4.0,pc1,0.1,4,0.010075737376045281,0.7554532276263695,0.9274475234340507
block,0.25,4.0,pc1,0.3,4,0.050668328935763354,1.0335933411219396,0.9656768000413594
block,0.25,4.0,pc1,0.6,4,0.003801414159710317,0.5870799141945279,0.9669261361650012
block,0.25,4.0,random-fixed,0.1,4,0.1074555007661348,1.1664206098203036,0.9026841088539911
block,0.25,4.0,random-fixed,0.3,4,0.0023815866191453385,0.5046521553166928,0.8719796316597135
block,0.25,4.0,random-fixed,0.6,4,0.017854777100610324,0.8628662499817322,0.9834221205061363
block,0.35,0.5,mean,0.1,4,0.0045187219487659944,0.652745635793755,0.9729397160987869
block,0.35,0.5,mean,0.3,4,0.005538580741443556,0.6893685551802574,0.9731182384605239
block,0.35,0.5,mean,0.6,4,0.004135818135419283,0.6445053682567087,0.9753124486858409
block,0.35,0.5,pc1,0.1,4,0.0028005494581256826,0.5747183948902863,0.9342386080691695
block,0.35,0.5,pc1,0.3,4,0.002949649097981578,0.5794252730262266,0.9789438972745965
block,0.35,0.5,pc1,0.6,4,0.0018669844739081195,0.49820840604332295,0.9589349744388357
block,0.35,0.5,random-fixed,0.1,4,0.0018971544975624037,0.49206385438291683,0.9249780252053629
block,0.35,0.5,random-fixed,0.3,4,0.0027954349969226953,0.5781792848648286,0.9794310228862381
block,0.35,0.5,random-fixed,0.6,4,0.0034018356929392136,0.5982734601163555,0.9767231460404215
block,0.35,1.0,mean,0.1,4,0.007787108709105474,0.6342215704427389,0.9624875826235227
block,0.35,1.0,mean,0.3,4,0.006448138540620014,0.5924052145648637,0.9561184609279518
block,0.35,1.0,mean,0.6,4,0.0065560404601453124,0.5964568558239035,0.9900791672929956
block,0.35,1.0,pc1,0.1,4,0.0030138665831567894,0.4626797371529801,0.9848086422913602
block,0.35,1.0,pc1,0.3,4,0.008644248619017298,0.6432890975735134,0.990241899930241
block,0.35,1.0,pc1,0.6,4,0.008025469855730553,0.6306846382001218,0.9187289756321342
block,0.35,1.0,random-fixed,0.1,4,0.011298628607361501,0.697016993581065,0.9625958491441089
block,0.35,1.0,random-fixed,0.3,4,0.007162401034653905,0.6085455957039995,0.9630065504875148
block,0.35,1.0,random-fixed,0.6,4,0.004148864699959587,0.5135769985864614,0.9676694703471661
block,0.35,2.0,mean,0.1,4,0.010700505637817291,0.5558930783996294,0.9878076368910244
block,0.35,2.0,mean,0.3,4,0.008648921102877497,0.52706346932737,0.9954540563573852
block,0.35,2.0,mean,0.6,4,0.016550329095464417,0.6331150712545851,0.9834490987852931
block,0.35,2.0,pc1,0.1,4,0.005621499371002375,0.45178880660109183,0.9445511968701367
block,0.35,2.0,pc1,0.3,4,0.007284987624383979,0.49621863483868334,0.9962480486990153
block,0.35,2.0,pc1,0.6,4,0.01247285995554384,0.5644328602132453,0.9958753737766574
block,0.35,2.0,random-fixed,0.1,4,0.004388824041353128,0.39464238301046867,0.9385638119849845
block,0.35,2.0,random-fixed,0.3,4,0.008138874928928569,0.514364484174914,0.9863344512561973
block,0.35,2.0,random-fixed,0.6,4,0.0126360281659931,0.5967923397772923,0.9886090895219126
block,0.35,4.0,mean,0.1,4,0.02334757538328795,0.5732960179078938,0.9368267920078873
block,0.35,4.0,mean,0.3,4,0.04485506429433398,0.6880203929620607,0.9855936293048875
block,0.35,4.0,mean,0.6,4,0.023286145561135528,0.5691279387993362,0.9568454167791776
block,0.35,4.0,pc1,0.1,4,0.024912813872614726,0.5813914343032734,0.9915812924090388
block,0.35,4.0,pc1,0.3,4,0.0051024305640798556,0.30257036414548083,0.9504747788287052
block,0.35,4.0,pc1,0.6,4,0.028527103139154925,0.6095241461147308,0.9903250050569984
block,0.35,4.0,random-fixed,0.1,4,0.035710198348975965,0.6524995485163937,0.9484697358842779
block,0.35,4.0,random-fixed,0.3,4,0.021253696831268026,0.5651094071169506,0.9719828804661392
block,0.35,4.0,random-fixed,0.6,4,0.019517472195231814,0.5412224089584163,0.9786166525393725
block,0.45,0.5,mean,0.1,4,0.005778450519370994,0.40625568618962477,0.9510272475969165
block,0.45,0.5,mean,0.3,4,0.0037362628634036096,0.33539480885225714,0.981465183500001
block,0.45,0.5,mean,0.6,4,0.003264683827019074,0.3033008374738255,0.938277435821791
block,0.45,0.5,pc1,0.1,4,0.004519940333468006,0.36855989231384556,0.9260358912712487
block,0.45,0.5,pc1,0.3,4,0.005977578175849907,0.40871893473296406,0.9400626959919244
block,0.45,0.5,pc1,0.6,4,0.004063765721353188,0.34988389775271056,0.9425836181646969
block,0.45,0.5,random-fixed,0.1,4,0.002061361526747999,0.23366420659164933,0.9255946045685196
block,0.45,0.5,random-fixed,0.3,4,0.0033971226906029718,0.314294215417454,0.97189725023318
block,0.45,0.5,random-fixed,0.6,4,0.004664774292560218,0.366818050939045,0.9631874479549136
block,0.45,1.0,mean,0.1,4,0.009401844855571558,0.3745890144236465,0.9915543071599954
block,0.45,1.0,mean,0.3,4,0.012700645387534874,0.42851500168835055,0.9914286504357767
block,0.45,1.0,mean,0.6,4,0.010416698301523829,0.38927390645681814,0.9912455467515976
block,0.45,1.0,pc1,0.1,4,0.011596225046974449,0.3993828797602468,0.9136830949736193
block,0.45,1.0,pc1,0.3,4,0.005388419794310373,0.2799043816695822,0.9468300842297965
block,0.45,1.0,pc1,0.6,4,0.008456037018422095,0.3462867422576453,0.940558355275742
block,0.45,1.0,random-fixed,0.1,4,0.005449703276455077,0.27401063608587795,0.9452532727088689
block,0.45,1.0,random-fixed,0.3,4,0.012979293987880645,0.42739644351663414,0.8968366103333302
block,0.45,1.0,random-fixed,0.6,4,0.0080116647968288,0.3404207125765911,0.9403888386794269
block,0.45,2.0,mean,0.1,4,0.02327403363933383,0.40699565262206183,0.9354526214965845
block,0.45,2.0,mean,0.3,4,0.01626260783115865,0.35049099353806257,0.9585460904865313
block,0.45,2.0,mean,0.6,4,0.018544545384136076,0.3719874064840606,0.928042364865094
block,0.45,2.0,pc1,0.1,4,0.017891913140650237,0.3555336331336572,0.9442126921728615
block,0.45,2.0,pc1,0.3,4,0.015545808398842148,0.3440749105189898,0.994793442583857
block,0.45,2.0,pc1,0.6,4,0.009752145787674117,0.24998435285890172,0.9818787161568561
block,0.45,2.0,random-fixed,0.1,4,0.011431686175361833,0.2834963262218224,0.9668270880903431
block,0.45,2.0,random-fixed,0.3,4,0.015128606515820799,0.3246584159481316,0.9812004620973547
block,0.45,2.0,random-fixed,0.6,4,0.016795131128100754,0.34556783022790816,0.96706510272311
block,0.45,4.0,mean,0.1,4,0.02158598253618539,0.27554306055413713,0.9585489950283188
block,0.45,4.0,mean,0.3,4,0.04802240198987485,0.41894482735057764,0.9183785686265187
block,0.45,4.0,mean,0.6,4,0.019124439170913953,0.25690321329967986,0.9671501106548718
block,0.45,4.0,pc1,0.1,4,0.029090526433052863,0.3225305906854426,0.9587725146179301
block,0.45,4.0,pc1,0.3,4,0.03265299256361547,0.3446578501083584,0.9869660214504292
block,0.45,4.0,pc1,0.6,4,0.02807603252621198,0.3213248887252796,0.9967715684533569
block,0.45,4.0,random-fixed,0.1,4,0.04080945604714207,0.38833592897977043,0.9822036600484034
block,0.45,4.0,random-fixed,0.3,4,0.038863503044253934,0.37180507195106594,0.8878976216859414
block,0.45,4.0,random-fixed,0.6,4,0.029627858463906306,0.33002733867129896,0.9655241931854899
latent,0.15,0.5,mean,0.1,3,0.14882410194228507,1.881207764987736,0.9861017827012676
latent,0.15,0.5,mean,0.3,4,0.002088373997242707,1.2077906444231639,0.872249876256846
latent,0.15,0.5,mean,0.6,4,1.1588459012204134e-05,0.3264016953276614,0.19249683974243315
latent,0.15,0.5,pc1,0.1,3,6.881229979302211e-06,0.2841321735109617,0.14291964795549938
latent,0.15,0.5,pc1,0.3,3,0.003717310297618374,1.3476952609875235,0.83918570130748
latent,0.15,0.5,pc1,0.6,4,0.000502595218073792,0.9496567869678098,0.9335982563899639
latent,0.15,0.5,random-fixed,0.1,4,0.0024374969121453557,1.318434507394912,0.2758991526953659
latent,0.15,0.5,random-fixed,0.3,3,0.01793329808977528,1.6218899829363669,0.9629503874261229
latent,0.15,0.5,random-fixed,0.6,4,0.00029516889602760433,0.9385432097373947,0.7681309451850933
latent,0.15,1.0,mean,0.1,3,0.0006711934859677196,0.9119929853719554,0.9042112422881161
latent,0.15,1.0,mean,0.3,4,0.00017500699825010382,0.7467060807503766,0.1934716857468184
latent,0.15,1.0,mean,0.6,4,0.02867831158358299,1.5248673882636847,0.8651098417021135
latent,0.15,1.0,pc1,0.1,4,0.006496332393998166,1.250456606748185,0.960471090483246
latent,0.15,1.0,pc1,0.3,4,0.04428782117321297,1.6077654126396048,0.9869651721196017
latent,0.15,1.0,pc1,0.6,4,0.0010229003028788212,1.027168077181075,0.8375860853497725
latent,0.15,1.0,random-fixed,0.1,2,nan,nan,nan
latent,0.15,1.0,random-fixed,0.3,4,0.006382411083532309,1.3436447833182796,0.8366269628150784
latent,0.15,1.0,random-fixed,0.6,4,0.007609504455724776,1.317508067689326,0.8922742160384377
latent,0.15,2.0,mean,0.1,3,0.4168743601982418,2.069880148664677,0.5954754474778895
latent,0.15,2.0,mean,0.3,3,0.0017711091435714287,0.9457340160805253,0.8862238549766819
latent,0.15,2.0,mean,0.6,4,0.0004691546183792811,0.730231183312754,0.9539884009152835
latent,0.15,2.0,pc1,0.1,3,8.571563392370402e-07,-0.28443065409153023,0.07093247017347104
latent,0.15,2.0,pc1,0.3,3,0.014848746552392902,1.2726826817884753,0.998192729583089
latent,0.15,2.0,pc1,0.6,4,0.0016595749404287835,0.9513138654940926,0.9946118814211574
latent,0.15,2.0,random-fixed,0.1,4,0.0721140989082181,1.5898206766667966,0.8618133002881685
latent,0.15,2.0,random-fixed,0.3,3,0.00036294681661201835,0.715657416683807,0.9999728574423864
latent,0.15,2.0,random-fixed,0.6,4,0.0002573228334986112,0.6632387716207504,0.6915676276070224
latent,0.15,4.0,mean,0.1,3,0.0022985200516699236,0.9594382626048675,0.9569257954368772
latent,0.15,4.0,mean,0.3,3,0.002703502787517529,0.8989130648843942,0.9813784534073816
latent,0.15,4.0,mean,0.6,4,0.0010622899344766349,0.7701879057286722,0.9866815627642633
latent,0.15,4.0,pc1,0.1,3,0.0013808412100748773,0.7738167289935264,0.9214840100624182
latent,0.15,4.0,pc1,0.3,3,2.6974506557085127e-05,0.14719254516574087,0.0726697889048189
latent,0.15,4.0,pc1,0.6,4,0.007949361035778842,1.0947248678038661,0.9854443479375287
latent,0.15,4.0,random-fixed,0.1,3,0.0003452029436322714,0.5265218421430656,0.9350646562859918
latent,0.15,4.0,random-fixed,0.3,3,0.0001879735211031036,0.47464041691973047,0.9798947236335014
latent,0.15,4.0,random-fixed,0.6,4,0.012788762437532476,1.1799027450294188,0.9803237064363111
latent,0.25,0.5,mean,0.1,4,0.01148084671524456,1.1371826162132033,0.9345182405521787
latent,0.25,0.5,mean,0.3,4,0.005184902090923443,1.010162682314654,0.9511582968941522
latent,0.25,0.5,mean,0.6,4,0.0018270490857975707,0.8374922844981151,0.9734616094135695
latent,0.25,0.5,pc1,0.1,4,0.0005380399323292971,0.5854611811915073,0.7537122180775058
latent,0.25,0.5,pc1,0.3,4,0.0011987615218983544,0.7406125253796552,0.9789362026337416
latent,0.25,0.5,pc1,0.6,4,0.0034895362435700154,0.9374803457252152,0.9869094251068068
latent,0.25,0.5,random-fixed,0.1,4,0.0001283663669412302,0.3913030867313099,0.8153069670972288
latent,0.25,0.5,random-fixed,0.3,4,0.0012884113978117076,0.7590145351281405,0.9320433149170169
latent,0.25,0.5,random-fixed,0.6,4,0.001224677158685477,0.7671930400677733,0.9631844676372445
latent,0.25,1.0,mean,0.1,4,0.0009700510757910166,0.582905517967821,0.9897899479283521
latent,0.25,1.0,mean,0.3,4,0.011738842631222907,1.0321038921902626,0.9445575700907692
latent,0.25,1.0,mean,0.6,4,0.0024218316806974174,0.7330418771546966,0.9842171156989532
latent,0.25,1.0,pc1,0.1,4,0.007585017623324937,0.9641264288459452,0.9936507327434233
latent,0.25,1.0,pc1,0.3,4,0.010936473754030411,1.011029923836154,0.9943433238257768
latent,0.25,1.0,pc1,0.6,4,0.003460662385032505,0.8031209630279786,0.9837552759163816
latent,0.25,1.0,random-fixed,0.1,4,0.00954782053471115,0.9822097041135052,0.9887287024852123
latent,0.25,1.0,random-fixed,0.3,4,0.013393987224079766,1.034039194311984,0.9844965746534508
latent,0.25,1.0,random-fixed,0.6,4,0.003794898449834735,0.8317423473567981,0.9231729565301239
latent,0.25,2.0,mean,0.1,4,0.013049858657251535,0.9047157213302847,0.9928968207112012
latent,0.25,2.0,mean,0.3,4,0.003940267926492169,0.7080163861560139,0.9973161949612194
latent,0.25,2.0,mean,0.6,4,0.008449840650551838,0.8363487763049382,0.9994853001409676
latent,0.25,2.0,pc1,0.1,4,0.010511928889381997,0.87028938481772,0.9887272528776224
latent,0.25,2.0,pc1,0.3,4,0.0017861469815488075,0.5853110775221637,0.9947216801196717
latent,0.25,2.0,pc1,0.6,4,0.0016646617001926148,0.5641484575231009,0.8983004857555525
latent,0.25,2.0,random-fixed,0.1,4,0.00014973959584943923,0.15049625624525503,0.1567236508376515
latent,0.25,2.0,random-fixed,0.3,4,0.004569158301617644,0.7463198954804031,0.9790930040512781
latent,0.25,2.0,random-fixed,0.6,4,0.01353605299580975,0.9287398690546167,0.993402957786144
latent,0.25,4.0,mean,0.1,4,0.02478156760557743,0.9137918814220629,0.9520932356933105
latent,0.25,4.0,mean,0.3,4,0.007306120996199229,0.6953739462200405,0.972549550422717
latent,0.25,4.0,mean,0.6,4,0.006650311329882636,0.6788105210621552,0.9854895102129612
latent,0.25,4.0,pc1,0.1,4,0.011207742944668482,0.7754652807167725,0.8177225060814268
latent,0.25,4.0,pc1,0.3,4,0.004918246417338649,0.6315927505559539,0.9629302087765546
latent,0.25,4.0,pc1,0.6,4,0.009102431901209556,0.7412923824777016,0.9744832061529891
latent,0.25,4.0,random-fixed,0.1,4,0.026182044689961742,0.9063473634629557,0.9912356343492632
latent,0.25,4.0,random-fixed,0.3,4,0.005450324950239698,0.6604533482365388,0.8068308841500087
latent,0.25,4.0,random-fixed,0.6,4,0.0117548482026425,0.7853647015538059,0.9970229126041774
latent,0.35,0.5,mean,0.1,4,0.0035510293338772017,0.6133261799907519,0.9860204914988622
latent,0.35,0.5,mean,0.3,4,0.002448917038008176,0.5389228983025747,0.9936154011103464
latent,0.35,0.5,mean,0.6,4,0.003181770424805018,0.5869806425520903,0.9579773181679228
latent,0.35,0.5,pc1,0.1,4,0.0019678640520822068,0.5062515340871069,0.9041699604413501
latent,0.35,0.5,pc1,0.3,4,0.002206221637592629,0.5212351863105789,0.9873768661183182
latent,0.35,0.5,pc1,0.6,4,0.0027368436456719335,0.5604144789887043,0.9463770923150164
latent,0.35,0.5,random-fixed,0.1,4,0.006042995876376977,0.696543404478684,0.9504941090322696
latent,0.35,0.5,random-fixed,0.3,4,0.004006161214788972,0.6348740400424862,0.9722139880824137
latent,0.35,0.5,random-fixed,0.6,4,0.0027282405184575922,0.5607841175953133,0.9968227586479163
latent,0.35,1.0,mean,0.1,4,0.00810856823110856,0.6455882575121111,0.9362335440219101
latent,0.35,1.0,mean,0.3,4,0.0070780883056234265,0.6018908067281371,0.9976356035417937
latent,0.35,1.0,mean,0.6,4,0.005962061261936877,0.5910831727872312,0.9966688630682706
latent,0.35,1.0,pc1,0.1,4,0.007865441826355925,0.623645718575783,0.9653247954199228
latent,0.35,1.0,pc1,0.3,4,0.004978758532767704,0.5591597896877256,0.9518728077232685
latent,0.35,1.0,pc1,0.6,4,0.005678139544994879,0.5646012459985889,0.9827654253253623
latent,0.35,1.0,random-fixed,0.1,4,0.0027568912236547467,0.45169486168896333,0.8836804085263961
latent,0.35,1.0,random-fixed,0.3,4,0.009032922022902878,0.6622339794363832,0.955538413546688
latent,0.35,1.0,random-fixed,0.6,4,0.007360239168977985,0.6186082667596581,0.9878651201529879
latent,0.35,2.0,mean,0.1,4,0.009500452768009362,0.5377624631134132,0.996246044874806
latent,0.35,2.0,mean,0.3,4,0.016109157060007838,0.6265208195118844,0.9963615765949098
latent,0.35,2.0,mean,0.6,4,0.005738290187706177,0.44019525845899377,0.9795770360346843
latent,0.35,2.0,pc1,0.1,4,0.003412139794202322,0.3602923059799716,0.8134321054222761
latent,0.35,2.0,pc1,0.3,4,0.018880363257802766,0.6563268317030789,0.9813929887298248
latent,0.35,2.0,pc1,0.6,4,0.02089376642739559,0.6784226085736865,0.9771013626994137
latent,0.35,2.0,random-fixed,0.1,4,0.004801158653234856,0.41576888036598797,0.9806654892806024
latent,0.35,2.0,random-fixed,0.3,4,0.0098757284685257,0.5515968642795465,0.9684691102441755
latent,0.35,2.0,random-fixed,0.6,4,0.016612933319876486,0.6348997044934238,0.9478382030766884
latent,0.35,4.0,mean,0.1,4,0.033129273975450284,0.6299301602212323,0.962085631460738
latent,0.35,4.0,mean,0.3,4,0.026734979746437338,0.605423979380384,0.9480049680960967
latent,0.35,4.0,mean,0.6,4,0.02225884835575294,0.5725431288904246,0.9592800947684167
latent,0.35,4.0,pc1,0.1,4,0.02860729560783543,0.6111300891017677,0.9935903562119036
latent,0.35,4.0,pc1,0.3,4,0.039171367542393136,0.6620800271093021,0.9781127823265077
latent,0.35,4.0,pc1,0.6,4,0.0235486636780579,0.57817452005546,0.9703745049341348
latent,0.35,4.0,random-fixed,0.1,4,0.016210839753058023,0.4890897521168578,0.928570385643888
latent,0.35,4.0,random-fixed,0.3,4,0.028713316586452476,0.6028006309257156,0.960824254685239
latent,0.35,4.0,random-fixed,0.6,4,0.03386805685709819,0.6371457068950712,0.9220405481761086
latent,0.45,0.5,mean,0.1,4,0.003298596228812283,0.3048564901031633,0.8368877349420496
latent,0.45,0.5,mean,0.3,4,0.0029831300278392882,0.29279238135068014,0.9259445179912448
latent,0.45,0.5,mean,0.6,4,0.0038798076099267006,0.33136213394070413,0.9515375241901579
latent,0.45,0.5,pc1,0.1,4,0.005576872290246011,0.4028710418089908,0.9302896833754258
latent,0.45,0.5,pc1,0.3,4,0.003744830346508919,0.3280429285329168,0.9889998221787806
latent,0.45,0.5,pc1,0.6,4,0.003672737573045727,0.33074611566061113,0.9442062010370491
latent,0.45,0.5,random-fixed,0.1,4,0.0058354957863205005,0.4038687721499755,0.9080980246310888
latent,0.45,0.5,random-fixed,0.3,4,0.003445447879024304,0.3130922286954852,0.8579070427337864
latent,0.45,0.5,random-fixed,0.6,4,0.003689241158097183,0.32912560915155814,0.958659498238458
latent,0.45,1.0,mean,0.1,4,0.011754523794660006,0.4190067212551149,0.8763071527778606
latent,0.45,1.0,mean,0.3,4,0.006217403661653588,0.2990338933542307,0.9530361634206597
latent,0.45,1.0,mean,0.6,4,0.007826537872739348,0.3436365560949513,0.9820162618572582
latent,0.45,1.0,pc1,0.1,4,0.00830732935339176,0.3477542992807792,0.9481757027945196
latent,0.45,1.0,pc1,0.3,4,0.007350305217552604,0.32588909895886464,0.9600674537881931
latent,0.45,1.0,pc1,0.6,4,0.01063098779135519,0.3916199137958945,0.9706566142334442
latent,0.45,1.0,random-fixed,0.1,4,0.005954686261874026,0.2897953291114925,0.99933963631006
latent,0.45,1.0,random-fixed,0.3,4,0.006944463257881689,0.31584545220705346,0.9112057727860938
latent,0.45,1.0,random-fixed,0.6,4,0.012264073192028465,0.4097834522981361,0.9487927447214805
latent,0.45,2.0,mean,0.1,4,0.014309004781152266,0.327652376064461,0.9943177208846635
latent,0.45,2.0,mean,0.3,4,0.019376614347061158,0.38340433324266493,0.9861613917050557
latent,0.45,2.0,mean,0.6,4,0.012740283314143975,0.29559197547053634,0.9734930946527531
latent,0.45,2.0,pc1,0.1,4,0.02885199476836958,0.45019722605529283,0.8211498409583525
latent,0.45,2.0,pc1,0.3,4,0.015177344965375306,0.34038468035304276,0.9687416895085585
latent,0.45,2.0,pc1,0.6,4,0.018295998095114206,0.3640943190501208,0.9181875809033764
latent,0.45,2.0,random-fixed,0.1,4,0.025810609698927844,0.4266246988062082,0.99521804255257
latent,0.45,2.0,random-fixed,0.3,4,0.024281992746988536,0.42229431613322455,0.9289056638316939
latent,0.45,2.0,random-fixed,0.6,4,0.0065474949660685984,0.18538684009818365,0.921614118438443
latent,0.45,4.0,mean,0.1,4,0.024770858336946627,0.30421588719108705,0.9800555400438795
latent,0.45,4.0,mean,0.3,4,0.03260075068964081,0.3460602346356376,0.9273812901219559
latent,0.45,4.0,mean,0.6,4,0.03640085964493769,0.3633933335019951,0.9668514593248687
latent,0.45,4.0,pc1,0.1,4,0.03128719880182509,0.34127193227321156,0.879208738903434
latent,0.45,4.0,pc1,0.3,4,0.022784365358162938,0.2793063821750861,0.9687018932326961
latent,0.45,4.0,pc1,0.6,4,0.03461886191501248,0.3494764346926576,0.9190901212685721
latent,0.45,4.0,random-fixed,0.1,4,0.029007825102716073,0.3258723352095793,0.9735396641213778
latent,0.45,4.0,random-fixed,0.3,4,0.06784244029471011,0.4768002535012775,0.9087670712333551
latent,0.45,4.0,random-fixed,0.6,4,0.04301950230543404,0.3975298609834845,0.9367624603038648
mixture,0.15,0.5,mean,0.1,3,3.303222754751383e-05,0.7475630859414012,0.9992435861239094
mixture,0.15,0.5,mean,0.3,3,4.493694584517845e-11,-1.5467581214178787,0.7238221600384147
mixture,0.15,0.5,mean,0.6,2,nan,nan,nan
mixture,0.15,0.5,pc1,0.1,1,nan,nan,nan
mixture,0.15,0.5,pc1,0.3,2,nan,nan,nan
mixture,0.15,0.5,pc1,0.6,4,6.0171439039921684e-05,0.9520812023326798,0.10573553837044591
mixture,0.15,0.5,random-fixed,0.1,4,0.13167200132347398,2.154730815278053,0.6743375977095164
mixture,0.15,0.5,random-fixed,0.3,4,0.05261919741840983,1.917778721425973,0.9886704100727971
mixture,0.15,0.5,random-fixed,0.6,4,7.437845539724885e-10,-1.1080542696409108,0.5621393990975805
mixture,0.15,1.0,mean,0.1,3,0.4825833758311882,2.2476387044199004,0.8658593864441387
mixture,0.15,1.0,mean,0.3,4,0.06319193045737094,1.8383127119200948,0.9918916969260433
mixture,0.15,1.0,mean,0.6,4,0.001009124940925337,1.1793463221160367,0.8373233080903648
mixture,0.15,1.0,pc1,0.1,3,1.2156775073280703,2.4947676257411433,0.9825584606789385
mixture,0.15,1.0,pc1,0.3,2,nan,nan,nan
mixture,0.15,1.0,pc1,0.6,3,0.0008486985879030019,1.1225004990677512,0.9926682134753017
mixture,0.15,1.0,random-fixed,0.1,4,0.697646112376543,2.4135000041358805,0.894949239053442
mixture,0.15,1.0,random-fixed,0.3,4,0.09854897432618033,1.9838359740624214,0.9638628261775379
mixture,0.15,1.0,random-fixed,0.6,3,0.00020896131393620995,0.9827951434115698,0.4460372388304017
mixture,0.15,2.0,mean,0.1,2,nan,nan,nan
mixture,0.15,2.0,mean,0.3,3,1.3913448013127814,2.248117622631519,0.9568392808881925
mixture,0.15,2.0,mean,0.6,3,0.00017027623902688227,0.7864727081436835,0.6696858822001935
mixture,0.15,2.0,pc1,0.1,4,0.002936360076662179,1.1570906579356213,0.5325628562922886
mixture,0.15,2.0,pc1,0.3,3,0.14013008076102884,2.0143158697464703,0.5367498692634337
mixture,0.15,2.0,pc1,0.6,3,0.38687037295194593,2.061971615893013,0.9464301171286782
mixture,0.15,2.0,random-fixed,0.1,3,2.3818102399986293e-07,-0.4238666282704782,0.06575318756004167
mixture,0.15,2.0,random-fixed,0.3,3,0.05861007147123001,1.675694208397101,0.9952650564507539
mixture,0.15,2.0,random-fixed,0.6,3,0.08520043147898554,1.7819815059612496,0.9685978609768144
mixture,0.15,4.0,mean,0.1,4,0.09412485580634299,1.7056213074498456,0.6917491091853094
mixture,0.15,4.0,mean,0.3,4,0.17713502714589943,1.7959617863407953,0.9988660861040309
mixture,0.15,4.0,mean,0.6,4,0.0006970068539705875,0.7817199167369193,0.4697461974949917
mixture,0.15,4.0,pc1,0.1,3,2.647181349932067,2.305720807226386,0.9448306005293495
mixture,0.15,4.0,pc1,0.3,3,0.001945527831195022,1.0806671415957216,0.4905430323799067
mixture,0.15,4.0,pc1,0.6,2,nan,nan,nan
mixture,0.15,4.0,random-fixed,0.1,3,9.723617571056815e-06,0.18849127566435844,0.05923143677989573
mixture,0.15,4.0,random-fixed,0.3,3,0.02482577600129871,1.458727558879488,0.9401113858877092
mixture,0.15,4.0,random-fixed,0.6,3,0.28112619534763933,1.8823587290700654,0.9001475944507481
mixture,0.25,0.5,mean,0.1,4,0.0006646032019660893,0.8043838846401813,0.9964467939455075
mixture,0.25,0.5,mean,0.3,4,0.00039003357311859845,0.7398463751040412,0.9674674207392294
mixture,0.25,0.5,mean,0.6,4,9.589332977642176e-10,-1.4919117468595147,0.4127744838994941
mixture,0.25,0.5,pc1,0.1,4,1.0893692295108805e-05,0.17513695235210225,0.0219663585293286
mixture,0.25,0.5,pc1,0.3,4,0.0017139183857784173,0.9979029982538594,0.8692578541552552
mixture,0.25,0.5,pc1,0.6,4,0.0005652502436987629,0.8077309415331102,0.9715995644911588
mixture,0.25,0.5,random-fixed,0.1,4,0.001231157211322401,0.9366493224156791,0.9883984159925874
mixture,0.25,0.5,random-fixed,0.3,3,0.00016453265645423085,0.6060672888030859,0.9993052452342484
mixture,0.25,0.5,random-fixed,0.6,4,0.00015986671056892324,0.6016292404305009,0.9516655842447492
mixture,0.25,1.0,mean,0.1,4,0.0027879482487887536,0.9413895246776843,0.7641606935731995
mixture,0.25,1.0,mean,0.3,4,0.0001165675887278005,0.41647718315960447,0.8966797232531158
mixture,0.25,1.0,mean,0.6,4,0.0011594572986605017,0.7994538642459832,0.9822704339735165
mixture,0.25,1.0,pc1,0.1,4,0.00011615582716235929,0.3869665521667889,0.4045137320031924
mixture,0.25,1.0,pc1,0.3,4,0.0023335879388722606,0.9416325081479746,0.9553636324626825
mixture,0.25,1.0,pc1,0.6,4,0.006379791414184044,1.1070806987696096,0.9834326998668887
mixture,0.25,1.0,random-fixed,0.1,4,0.006842970494267219,1.1681012615209705,0.6305566981838451
mixture,0.25,1.0,random-fixed,0.3,4,0.0004175996018851381,0.6391149065371861,0.983064299562676
mixture,0.25,1.0,random-fixed,0.6,4,0.0012340174067555307,0.8172112446431107,0.9802626191786872
mixture,0.25,2.0,mean,0.1,4,0.018028520224821112,1.1721661643871724,0.9884235571323936
mixture,0.25,2.0,mean,0.3,3,0.001245215784302183,0.7091474552977375,0.9954865843391263
mixture,0.25,2.0,mean,0.6,4,0.0023924335446479867,0.82730883896927,0.8784286526798613
mixture,0.25,2.0,pc1,0.1,3,6.785133041267249e-06,-0.13677137267504774,0.03489153342583795
mixture,0.25,2.0,pc1,0.3,4,0.0010295372326239733,0.6805031331514542,0.8761535916658553
mixture,0.25,2.0,pc1,0.6,4,0.004602081127837091,0.9365888346245206,0.9761697250019066
mixture,0.25,2.0,random-fixed,0.1,4,0.014040065746194094,1.1117899836731509,0.9888064891759363
mixture,0.25,2.0,random-fixed,0.3,4,0.0010084430537638776,0.6853727805458142,0.8751243787228935
mixture,0.25,2.0,random-fixed,0.6,4,0.000558609400182169,0.5529996799298273,0.9803362517017984
mixture,0.25,4.0,mean,0.1,4,0.0417641590849977,1.1925236128492198,0.9881894778647797
mixture,0.25,4.0,mean,0.3,4,0.04206582030183472,1.1882276995972672,0.9859093247602004
mixture,0.25,4.0,mean,0.6,4,0.0003067074485057215,0.33823290993056626,0.565779456777322
mixture,0.25,4.0,pc1,0.1,3,0.009220964948527819,0.9251539608298313,0.9983790588461611
mixture,0.25,4.0,pc1,0.3,4,0.040926937880794885,1.1777225317867952,0.9064652567858529
mixture,0.25,4.0,pc1,0.6,4,0.014050208164389186,0.9874237435358892,0.9919763105319225
mixture,0.25,4.0,random-fixed,0.1,3,0.009587417194887963,0.9136793979685288,0.902639058888457
mixture,0.25,4.0,random-fixed,0.3,3,0.004359284532096347,0.7982752550697745,0.99794517376912
mixture,0.25,4.0,random-fixed,0.6,4,0.04914958552063149,1.2090395263728555,0.9481131553083962
mixture,0.35,0.5,mean,0.1,4,0.00022297313879620742,0.32917292483111776,0.6489115018089155
mixture,0.35,0.5,mean,0.3,4,0.00032791526632046586,0.37986625223663334,0.9456940855773447
mixture,0.35,0.5,mean,0.6,4,0.0007687493242449783,0.5342256340637463,0.9399808690602661
mixture,0.35,0.5,pc1,0.1,4,0.0004700559760866183,0.44665498971960754,0.9743289066633805
mixture,0.35,0.5,pc1,0.3,4,0.001494295476266945,0.648277677601389,0.9659927437137544
mixture,0.35,0.5,pc1,0.6,4,0.000700872215661566,0.5222876916944521,0.9991737843654172
mixture,0.35,0.5,random-fixed,0.1,4,0.0011651359905918584,0.6182979372203457,0.8895379462609404
mixture,0.35,0.5,random-fixed,0.3,4,0.0016249267064509445,0.6757218674414699,0.9554076161114493
mixture,0.35,0.5,random-fixed,0.6,4,0.0005723280742151365,0.4862473118379709,0.948694170053062
mixture,0.35,1.0,mean,0.1,4,0.0014910792322794992,0.5184967090341006,0.9309611095477444
mixture,0.35,1.0,mean,0.3,4,0.002507099650392246,0.6265463746774359,0.9856056473668394
mixture,0.35,1.0,mean,0.6,4,0.002240488936312361,0.5991182935169134,0.9817567395818767
mixture,0.35,1.0,pc1,0.1,4,0.004856313820442496,0.7461515788043004,0.8863382122589883
mixture,0.35,1.0,pc1,0.3,4,0.003398743807932968,0.6714962513054111,0.9382446792403228
mixture,0.35,1.0,pc1,0.6,4,0.002050710662996338,0.5735862092086054,0.9862015249975867
mixture,0.35,1.0,random-fixed,0.1,4,0.00031333369771667074,0.26163419136893734,0.6604252851584089
mixture,0.35,1.0,random-fixed,0.3,4,0.0012660375185303623,0.5050614110127821,0.9803885239213417
mixture,0.35,1.0,random-fixed,0.6,4,0.002328598118459941,0.605607058283474,0.8752417828669529
mixture,0.35,2.0,mean,0.1,4,0.0033656638679663816,0.548802758849798,0.8919224660884275
mixture,0.35,2.0,mean,0.3,4,0.0028484321515530858,0.5189637648718222,0.981471997438743
mixture,0.35,2.0,mean,0.6,4,0.004904665945315769,0.6174913199231883,0.9859409335274226
mixture,0.35,2.0,pc1,0.1,4,0.0003142311040911789,0.14330898905715778,0.6470228326806156
mixture,0.35,2.0,pc1,0.3,4,0.0035156526518957242,0.553181135764029,0.9927485099180688
mixture,0.35,2.0,pc1,0.6,4,0.001592913021601936,0.43206431368480125,0.986921256596955
mixture,0.35,2.0,random-fixed,0.1,4,0.008881403450668367,0.7145097432658247,0.9404138250906209
mixture,0.35,2.0,random-fixed,0.3,4,0.004797325635282387,0.6165260312060924,0.7912229154618893
mixture,0.35,2.0,random-fixed,0.6,4,0.0015321182358144967,0.4180512886352168,0.9832507619463995
mixture,0.35,4.0,mean,0.1,4,0.022934074320053125,0.763912251246479,0.9946534419047206
mixture,0.35,4.0,mean,0.3,4,0.017104770581390854,0.7070321636807332,0.950965023861625
mixture,0.35,4.0,mean,0.6,4,0.010274281720045826,0.6287266786530018,0.9550588950775701
mixture,0.35,4.0,pc1,0.1,4,0.0019067794454629746,0.30412945862042473,0.831632882844173
mixture,0.35,4.0,pc1,0.3,4,0.005819544208121303,0.5233403728705859,0.9893565938838562
mixture,0.35,4.0,pc1,0.6,4,0.013101623106423635,0.6563087344030509,0.945984412766517
mixture,0.35,4.0,random-fixed,0.1,4,0.013392088333165575,0.6673201080778297,0.9159563223112808
mixture,0.35,4.0,random-fixed,0.3,4,0.0014712257439651634,0.2852631440316629,0.7616763788829973
mixture,0.35,4.0,random-fixed,0.6,4,0.003653449771602546,0.444378403317018,0.9882565358447375
mixture,0.45,0.5,mean,0.1,4,0.0028865682958799876,0.47367974745065944,0.9614073323862923
mixture,0.45,0.5,mean,0.3,4,0.0013918609286788853,0.3474052609502184,0.8980233130504119
mixture,0.45,0.5,mean,0.6,4,0.0008142911751524738,0.25345673869733765,0.9751030369534779
mixture,0.45,0.5,pc1,0.1,4,0.0015598954051628947,0.3712492917436868,0.9714661564626993
mixture,0.45,0.5,pc1,0.3,4,0.0009900586087360577,0.29578383144054127,0.9691869552409519
mixture,0.45,0.5,pc1,0.6,4,0.0014365880264531358,0.3538749762458394,0.9521219932545402
mixture,0.45,0.5,random-fixed,0.1,4,0.0009411391507226378,0.29223991548301176,0.9147700562532426
mixture,0.45,0.5,random-fixed,0.3,4,0.0013268248221497466,0.34000687563563775,0.937939575490781
mixture,0.45,0.5,random-fixed,0.6,4,0.001226916114966887,0.3251744954720644,0.9650363209559166
mixture,0.45,1.0,mean,0.1,4,0.0007750063599406052,0.12576968812333408,0.43031763181907945
mixture,0.45,1.0,mean,0.3,4,0.0031811059196964744,0.3695985111317537,0.9911466422863634
mixture,0.45,1.0,mean,0.6,4,0.0026994445298628104,0.3412788171108863,0.909755534682928
mixture,0.45,1.0,pc1,0.1,4,0.0034578344410508164,0.3729319633221051,0.9502420318612869
mixture,0.45,1.0,pc1,0.3,4,0.0018067649349511247,0.2692479989604789,0.9576486624136448
mixture,0.45,1.0,pc1,0.6,4,0.0023771501695405363,0.3260164800669869,0.9808237473949667
mixture,0.45,1.0,random-fixed,0.1,4,0.0043217175467342,0.4236033455091951,0.8238832069106052
mixture,0.45,1.0,random-fixed,0.3,4,0.0027681042870835353,0.34866418658492404,0.9577018562097133
mixture,0.45,1.0,random-fixed,0.6,4,0.001884852726675974,0.2860775894114609,0.891690423510211
mixture,0.45,2.0,mean,0.1,4,0.0016468615980966593,0.14151885946993342,0.9117264723550665
mixture,0.45,2.0,mean,0.3,4,0.001381718638376995,0.10530337859780536,0.5403964476941437
mixture,0.45,2.0,mean,0.6,4,0.005693126341158592,0.35134497872483483,0.9924899800084862
mixture,0.45,2.0,pc1,0.1,4,0.005582861786525884,0.3518266279288012,0.9798193675821651
mixture,0.45,2.0,pc1,0.3,4,0.007350016260943322,0.3930879846775044,0.9675829680220827
mixture,0.45,2.0,pc1,0.6,4,0.004396149163801566,0.30312127774745656,0.9053566345254354
mixture,0.45,2.0,random-fixed,0.1,4,0.0022265809958487157,0.17299956960559476,0.49079921561234974
mixture,0.45,2.0,random-fixed,0.3,4,0.005805092855972334,0.3533221164324986,0.9980118777573646
mixture,0.45,2.0,random-fixed,0.6,4,0.004592664561997075,0.318877301508,0.9874045115112129
mixture,0.45,4.0,mean,0.1,4,0.016129292132577595,0.4092382142605134,0.980850129769204
mixture,0.45,4.0,mean,0.3,4,0.009569197753762047,0.32807015649475146,0.9124447784760386
mixture,0.45,4.0,mean,0.6,4,0.009290360086911142,0.3113958184260107,0.9671609543685399
mixture,0.45,4.0,pc1,0.1,4,0.013706344282033522,0.39360109504332086,0.8910135587722695
mixture,0.45,4.0,pc1,0.3,4,0.009476251016760267,0.3223180113220507,0.9915774308062185
mixture,0.45,4.0,pc1,0.6,4,0.009690279760211888,0.31030769186739765,0.9984198571175693
mixture,0.45,4.0,random-fixed,0.1,4,0.020579879808055927,0.4579042368918342,0.9107151627663195
mixture,0.45,4.0,random-fixed,0.3,4,0.007878991765433057,0.28923884041826653,0.9916344279214397
mixture,0.45,4.0,random-fixed,0.6,4,0.009479209421634119,0.3271391225768821,0.8462655966646526
