N,nominal_load,actual_load,P,condition,n_reps,cost_cum_mean,cost_cum_sem,cost_int_mean,cost_int_sem,randers_write_mean,randers_write_sem,randers_erase_mean,randers_erase_sem,randers_asymmetry_mean,randers_asymmetry_sem
64,0.05,0.046875,3,correlated,120,1.0057737791582881,0.00090563960307109,1.0019389639899472,0.0003060269773740864,1.0062009911025644,0.0008832324902157382,0.9976769368773297,0.00034851183760927835,0.008524054225234771,0.0011952030044850546
64,0.05,0.046875,3,uncorrelated,120,1.0017753840358277,0.000367423835035521,1.0005939150720278,0.00012340245577323303,1.0007966888533228,0.00043359392627942466,1.0003911412907327,0.00023818055410582614,0.0004055475625901001,0.000654640874188033
64,0.1,0.09375,6,correlated,120,1.0098248068419475,0.0011167435090096924,1.0016543641782987,0.00018992723252074382,1.00723224772678,0.0007548590357701061,0.9960764806298169,0.00042596288575735467,0.01115576709696331,0.0011654285363080226
64,0.1,0.09375,6,uncorrelated,120,1.0033968432767666,0.0005216773623135879,1.0005691771164666,8.809729953863509e-05,1.0007111136907614,0.0003882621920926602,1.0004272405421717,0.00025491650865240784,0.00028387314858971483,0.0006327838301033471
64,0.15,0.15625,10,correlated,120,1.0179501902453696,0.001747608598113958,1.0018256915673416,0.00018072947052220453,1.0090789128338464,0.0008257219525718596,0.9945724703008368,0.0005090216201655988,0.014506442533009664,0.0013233242004320957
64,0.15,0.15625,10,uncorrelated,120,1.0049391734178057,0.00039724282887773263,1.000495857712452,4.0038782093247815e-05,1.0006894630751186,0.0003239199028295442,1.0003022523497858,0.0002583230713457917,0.00038721072533302127,0.0005804286424627979
64,0.2,0.203125,13,correlated,120,1.02120590044264,0.0017326803379353873,1.0016597493547374,0.00013798684153028962,1.0092062612045571,0.0007169009554984321,0.9941132375049179,0.00048603179292680277,0.01509302369963935,0.0011933927659066792
64,0.2,0.203125,13,uncorrelated,120,1.0072778964908258,0.0006994134326788376,1.0005637770910247,5.474706040885632e-05,1.0009183187734743,0.00036106859098078816,1.0002092354085756,0.00027574189803400727,0.0007090833648985718,0.0006331028991837371
64,0.25,0.25,16,correlated,120,1.0263692260563027,0.0022775280640854613,1.0016863507695506,0.00014910810282776457,1.0099069816891115,0.0008535621485111966,0.9934657198499899,0.0005895300219904725,0.016441261839121746,0.001436417443183803
64,0.25,0.25,16,uncorrelated,120,1.0092102912861025,0.0007154084868188314,1.0005799064226628,4.543878200735343e-05,1.0012670859608865,0.00037422002042452674,0.9998927268844395,0.00030115850887923296,0.0013743590764470025,0.0006732127529039726
64,0.3,0.296875,19,correlated,120,1.028556308628004,0.002335134535388891,1.0015393110888213,0.00012985905980169728,1.009761519637358,0.0008024476092696675,0.9933171025402847,0.0005674190242748025,0.016444417097073435,0.0013654008670763414
64,0.3,0.296875,19,uncorrelated,120,1.0093794336112114,0.0007803041914295785,1.000497648311763,4.1828023400968724e-05,1.000562683138782,0.0003721560066646304,1.0004326134847439,0.00030271353684342407,0.00013006965403785837,0.0006732553922569882
64,0.35,0.34375,22,correlated,120,1.038880864819754,0.0029654491977432265,1.0018225836029642,0.00014250527821707329,1.011889127694773,0.0009179068882214527,0.9917560395111551,0.0006587749896643454,0.020133088183617875,0.0015722099311556317
64,0.35,0.34375,22,uncorrelated,120,1.011477444872616,0.0007807192688540882,1.0005261281249356,3.6182088733058546e-05,1.0008482509428027,0.00037592979700952907,1.0002040053070682,0.00031646652854062343,0.0006442456357346638,0.0006911671127535005
64,0.4,0.40625,26,correlated,120,1.038094995464111,0.002520543728633581,1.001505888568712,0.0001018217489658253,1.0105215840624713,0.0007716143652979616,0.9924901930749528,0.0005851799999575917,0.01803139098751876,0.0013543182963835529
64,0.4,0.40625,26,uncorrelated,120,1.014888192909063,0.001153154171844683,1.0005796366779023,4.563489622275301e-05,1.0008696294919197,0.0003651287841040449,1.000289643863885,0.0002924135612085147,0.0005799856280343741,0.0006552245908899043
64,0.45,0.453125,29,correlated,120,1.0497326092189903,0.0037126021273651394,1.0017831197133062,0.0001379023384737349,1.0125769808240135,0.0009255088357879538,0.990989258602599,0.0006703474958034799,0.021587722221414442,0.0015924184502438556
64,0.45,0.453125,29,uncorrelated,120,1.0131338445634979,0.0008860592782237504,1.000457313239441,3.1301388399226346e-05,1.000251806972663,0.0003337108833720115,1.000662819506219,0.0002820218896474892,-0.0004110125335563967,0.0006147190351531835
64,0.5,0.5,32,correlated,120,1.0497864800379328,0.0034286038098012726,1.0016143155501986,0.00011567026254301705,1.0121088612339841,0.0008644841518130848,0.9911197698664133,0.0006547267273136079,0.020989091367571166,0.0015160743497079786
64,0.5,0.5,32,uncorrelated,120,1.0145202403412505,0.000724531736855861,1.0004578913800826,2.308343997963012e-05,1.0000568320833834,0.0002831049989961531,1.000858950676782,0.00024806396491284545,-0.0008021185933985866,0.0005303177929172411
64,0.55,0.546875,35,correlated,120,1.0646312816203083,0.003914825629743661,1.0019295956130518,0.00012154796249854191,1.0149762476212782,0.0008972171898092613,0.9888829436048252,0.000675910404585758,0.02609330401645306,0.0015699081160000525
64,0.55,0.546875,35,uncorrelated,120,1.0185492145711537,0.0009946492257366512,1.0005363802950955,2.9162523643232575e-05,1.000968185998906,0.0003246625319537834,1.0001045745912853,0.0002783727479307339,0.0008636114076206014,0.0006019904332706046
64,0.6,0.59375,38,correlated,120,1.0573019866998332,0.003752786672731098,1.0015712871420015,0.00010700164721465843,1.0125309858467455,0.00088712127326968,0.9906115884372577,0.0006881756523516445,0.021919397409487888,0.0015733220757136342
64,0.6,0.59375,38,uncorrelated,120,1.0176641630385606,0.0010041806393362674,1.0004703761416198,2.7223746941815955e-05,1.0003528551663265,0.0003067299168668375,1.0005878971169127,0.0002659431055756391,-0.00023504195058617338,0.000571536022502954
128,0.05,0.046875,6,correlated,120,1.0040192164545418,0.00038050960496514445,1.00067218258503,6.389255506908938e-05,1.0055148155818514,0.00039266464356498134,0.9958295495882087,0.00027374771692430575,0.009685265993642781,0.0006647688585377182
128,0.05,0.046875,6,uncorrelated,120,1.0006780616678637,6.650640619511105e-05,1.0001130787328112,1.1097855883532745e-05,1.0001584267830035,0.00014883417135020584,1.0000677306826187,0.00013164964932839703,9.069610038483963e-05,0.0002801318115436696
128,0.1,0.1015625,13,correlated,120,1.0131010657567379,0.0010129607492328169,1.001018177754625,7.949236161702161e-05,1.0096753027372896,0.000555545811555531,0.9923610527719605,0.00041158783132427725,0.017314249965329088,0.0009647773012672018
128,0.1,0.1015625,13,uncorrelated,120,1.0016845943656605,0.0001577107226820685,1.0001297899315342,1.2172723139579294e-05,1.0001147155503674,0.00017634799745434998,1.0001448643127013,0.00015740314314129477,-3.0148762333895297e-05,0.0003334007057570593
128,0.15,0.1484375,19,correlated,120,1.0155554118255992,0.0010512266645088726,1.0008280010746387,5.655503311289164e-05,1.0095481300832354,0.0004840147028908624,0.992107872066042,0.0003837849993456534,0.017440258017193504,0.0008662150019440583
128,0.15,0.1484375,19,uncorrelated,120,1.0020163099860107,0.0001312650638129576,1.0001062740192164,6.930184269503277e-06,0.9998862251558189,0.00013536274361871864,1.000326322882614,0.0001250067990177526,-0.00044009772679492375,0.0002602065227953873
128,0.2,0.203125,26,correlated,120,1.02349696740129,0.0015354209574497148,1.0009190967527295,6.121088059996745e-05,1.0115911290480253,0.0005999328773937544,0.9902470644574337,0.00048597206025077154,0.021344064590591662,0.001084983646802736
128,0.2,0.203125,26,uncorrelated,120,1.0030035708577405,0.00019621846446474505,1.00011577342856,7.586565290572113e-06,0.9999576202516283,0.00014046340382712147,1.0002739266054914,0.00012902915269516772,-0.0003163063538632484,0.0002693079208419897
128,0.25,0.25,32,correlated,120,1.0244565498400642,0.0014489223533998067,1.0007770847071202,4.6696139930980595e-05,1.0109789141462342,0.0005231260361040851,0.990575255268006,0.00043658673595726457,0.020403658878228,0.0009590701420593629
128,0.25,0.25,32,uncorrelated,120,1.0040478577203384,0.00024259349263220192,1.0001268494894273,7.630254518224728e-06,1.0002197954067171,0.00015597632014772802,1.0000339035721377,0.00014356328122541655,0.00018589183457945192,0.0002994080379515847
128,0.3,0.296875,38,correlated,120,1.032951585657395,0.002072112119619249,1.000887568180918,5.7219236540651726e-05,1.0129596027945078,0.0006484770304045267,0.9888155335673282,0.0005400745276838981,0.02414406922717956,0.001187985582702643
128,0.3,0.296875,38,uncorrelated,120,1.0046236944042228,0.00024299234883167644,1.000122040003755,6.439225284118046e-06,0.9999735121887827,0.00014532019443849438,1.000270567818727,0.00013631865981591265,-0.000297055629944192,0.0002814882188693839
128,0.35,0.3515625,45,correlated,120,1.032951711897654,0.0017514837708447113,1.0007480043266361,4.037059013468274e-05,1.0119970027587335,0.0005657578476680556,0.9894990058945387,0.0004892252759788453,0.022497996864194802,0.0010546693735563985
128,0.35,0.3515625,45,uncorrelated,120,1.005996778470803,0.0003315668395608393,1.0001337944348683,7.435553928387859e-06,1.0001626478708903,0.00015307446139959947,1.0001049409988463,0.00014165586673357946,5.770687204405637e-05,0.0002945763072223397
128,0.4,0.3984375,51,correlated,120,1.04370385931226,0.0028838039177418347,1.000884757661869,6.045975027270225e-05,1.0136757774766396,0.000708301891386522,0.9880937378470985,0.0005948079102552847,0.02558203962954116,0.001302441750434858
128,0.4,0.3984375,51,uncorrelated,120,1.0062085871939812,0.0002551655748090881,1.0001221818971788,5.039118245705389e-06,1.0000170666290211,0.00013935310787904548,1.000227297165336,0.00013245583255668428,-0.0002102305363149611,0.0002717095906604876
128,0.45,0.453125,58,correlated,120,1.0447069331448036,0.0021503056977752928,1.0007923779701557,3.909567830381681e-05,1.013399288912877,0.0005504665892457017,0.9881854670274349,0.0004772287973313341,0.0252138218854419,0.0010273303721335574
128,0.45,0.453125,58,uncorrelated,120,1.0067609935209112,0.00032319390340709484,1.0001170613319417,5.630834666790734e-06,0.9999706589048128,0.00016354776219183138,1.0002634637590706,0.0001542987670723539,-0.0002928048542578406,0.00031778158360708974
128,0.5,0.5,64,correlated,120,1.051457948321716,0.002995962853808771,1.000832566147327,5.0087894357352415e-05,1.0141573012054432,0.0006748123008416507,0.9875078310892107,0.0005776749777601325,0.026649470116232407,0.001252247920321743
128,0.5,0.5,64,uncorrelated,120,1.0077694246920883,0.0002602765605629236,1.0001219233996095,4.104987396764831e-06,1.000232979647966,0.00013156916786823407,1.0000108671512524,0.00012556190593675473,0.0002221124967136399,0.00025707017062644513
128,0.55,0.546875,70,correlated,120,1.0568050593976241,0.003102969025796858,1.0008422442225735,4.759237069111796e-05,1.0144580324083672,0.0006951681264962659,0.9872264560367798,0.0006038904228162416,0.027231576371587417,0.001298778117593229
128,0.55,0.546875,70,uncorrelated,120,1.0090412240246929,0.00036344401827127483,1.0001298464349053,5.249851152062752e-06,1.0003954916161808,0.0001713170327362098,0.9998642012536298,0.00016323483682764632,0.0005312903625508772,0.0003344847254672484
128,0.6,0.6015625,77,correlated,120,1.0686919277032663,0.003681339345263631,1.0009326185226881,5.216041637840633e-05,1.016176936589402,0.0007054758449942316,0.9856883004559739,0.0006050481040694691,0.030488636133428077,0.0013102197968545939
128,0.6,0.6015625,77,uncorrelated,120,1.0090609217645587,0.00034235927041634717,1.0001182897982404,4.498863909546795e-06,1.0000084509379916,0.0001401253898588858,1.000228128658489,0.00013343373355631383,-0.00021967772049767315,0.0002734929855807232
256,0.05,0.05078125,13,correlated,120,1.0063291762100688,0.00040886323810808867,1.0004889861036055,3.172410639308575e-05,1.0078253755778133,0.00035189889905910685,0.9931525966293978,0.0002920350762608065,0.01467277894841561,0.0006435906821463264
256,0.05,0.05078125,13,uncorrelated,120,1.000426950070076,4.1715021441081904e-05,1.000032856134933,3.212109994315419e-06,1.0001572303777968,9.061214022506652e-05,0.999908481892069,8.572365564608679e-05,0.0002487484857274698,0.00017628652695123826
256,0.1,0.1015625,26,correlated,120,1.0132592198606902,0.0007819109914798714,1.0005145616247235,3.068293299288777e-05,1.010666897211642,0.0003994409400789166,0.9903622260378051,0.00034132961566036527,0.020304671173836875,0.0007405080504408973
256,0.1,0.1015625,26,uncorrelated,120,1.0007777096051678,4.776300742998986e-05,1.0000299281108604,1.8391206450932746e-06,1.000034464759301,8.039128458062455e-05,1.00002539146242,7.774942194173924e-05,9.073296880957038e-06,0.0001581199956950616
256,0.15,0.1484375,38,correlated,120,1.0189822079616389,0.0008698363938733414,1.0005052973598887,2.339804021520127e-05,1.0119443780111173,0.0003933497253201024,0.9890662167086599,0.0003482241199634811,0.022878161302457352,0.0007414703062994722
256,0.15,0.1484375,38,uncorrelated,120,1.0012070077296675,6.177535002168228e-05,1.0000317878429597,1.628423361085718e-06,1.0000718295424305,7.872827481082206e-05,0.9999917461434885,7.62866088701524e-05,8.008339894182518e-05,0.0001549998994987421
256,0.2,0.19921875,51,correlated,120,1.0248963213513602,0.0011971763001873458,1.0004957543146789,2.4183938860166042e-05,1.0126639988559174,0.0004286407768752108,0.9883275097734404,0.0003816708537231307,0.02433648908247704,0.0008102293877468815
256,0.2,0.19921875,51,uncorrelated,120,1.0015525250863413,8.497515811359319e-05,1.0000304730930325,1.6702447286100703e-06,0.9999920771911924,8.842827410454898e-05,1.0000688689948725,8.566926739016994e-05,-7.679180368004393e-05,0.00017408735509146425
256,0.25,0.25,64,correlated,120,1.0295038023289715,0.0014263120236213116,1.0004695466646394,2.3160099753617955e-05,1.0132041485490584,0.00043209575998641957,0.9877349447802203,0.0003872493074178235,0.025469203768838083,0.0008192630730755908
256,0.25,0.25,64,uncorrelated,120,1.0018240865442203,8.319554602119606e-05,1.000028533273395,1.303392684261353e-06,0.9999292164947817,7.63923671339051e-05,1.000127850052008,7.42750681757559e-05,-0.00019863355722642416,0.00015065976134227583
256,0.3,0.30078125,77,correlated,120,1.0380440980823242,0.0018314078477055747,1.000505904494561,2.4903130438417183e-05,1.0144222334463404,0.00048109185514936094,0.9865895755427817,0.00043270120063474175,0.0278326579035588,0.0009137169915357108
256,0.3,0.30078125,77,uncorrelated,120,1.002450821526691,8.934412882598259e-05,1.0000318734340803,1.1636673058156737e-06,1.0000447342861005,7.554169760709645e-05,1.0000190125820603,7.371247517676602e-05,2.5721704040320333e-05,0.00014924723669703302
256,0.35,0.3515625,90,correlated,120,1.0407015888891769,0.0019778081070167958,1.0004638901763145,2.3055923912534815e-05,1.0138983737487677,0.0004806096217860296,0.9870294066038617,0.00043571096197305353,0.026868967144906154,0.0009162603338373574
256,0.35,0.3515625,90,uncorrelated,120,1.0028821621054014,0.00012147415329332708,1.0000320793042012,1.35472126619655e-06,1.0000709085712018,8.424813906018872e-05,0.9999932500372007,8.208361562464113e-05,7.765853400135969e-05,0.00016632377069860193
256,0.4,0.3984375,102,correlated,120,1.0480453313245812,0.002237285388736494,1.0004851181868362,2.3229558039665422e-05,1.0147319355472155,0.0004970864670043766,0.9862383008264566,0.0004516337303307011,0.028493634720759015,0.0009486714471489918
256,0.4,0.3984375,102,uncorrelated,120,1.003172846799851,0.00010652564592216494,1.0000311617575979,1.0482067770060714e-06,1.0000597328905354,7.922596574574683e-05,1.0000025906246603,7.753656196142439e-05,5.714226587525961e-05,0.00015675761298418223
256,0.45,0.44921875,115,correlated,120,1.0552984960419798,0.002655668251736614,1.0004976402793455,2.4817221325832596e-05,1.0152488851984272,0.0005169025406134376,0.9857463953602639,0.0004686535780203755,0.029502489838163053,0.000985487314718212
256,0.45,0.44921875,115,uncorrelated,120,1.0036253022157406,0.00011599191797618317,1.000031587910892,1.0127581885434299e-06,1.000049639923859,8.512885320522938e-05,1.000013535897925,8.35817348645079e-05,3.61040259339677e-05,0.00016870552268791598
256,0.5,0.5,128,correlated,120,1.0643649964171762,0.0027946346860557142,1.0005224955524337,2.3522447614524482e-05,1.0162952669128629,0.0004965296482560295,0.9847497241920043,0.0004506342797986987,0.03154554272085851,0.0009471075278376707
256,0.5,0.5,128,uncorrelated,120,1.003781201738077,0.00011952278453376922,1.0000296026382336,9.380733163759387e-07,0.9999018216948932,7.306429646938474e-05,1.000157383581574,7.17577676136557e-05,-0.00025556188668078204,0.00014481580485822514
256,0.55,0.55078125,141,correlated,120,1.0677824825895466,0.0030886183442511974,1.0005008857093294,2.3786011852993632e-05,1.0158784292942862,0.0005132514026617521,0.9851233421243728,0.00046683438743724115,0.03075508716991333,0.0009800304065776925
256,0.55,0.55078125,141,uncorrelated,120,1.004371980238045,0.00014063776170269407,1.0000310825364906,1.0027556322158676e-06,1.0000351659852535,7.780949815672349e-05,1.0000269990877275,7.629316647418621e-05,8.166897526005561e-06,0.0001540970747051557
256,0.6,0.6015625,154,correlated,120,1.0769978635163748,0.00320380596267596,1.0005230335500976,2.2643268205865808e-05,1.0166512466202478,0.0005067195447882133,0.9843948204799474,0.00046241120531183153,0.032256426140300234,0.0009690855325287129
256,0.6,0.6015625,154,uncorrelated,120,1.0046637832412968,0.00012873818593515433,1.0000303608269727,8.404118234086748e-07,1.0000270640944342,7.111396084947395e-05,1.0000336575595112,6.993201214233992e-05,-6.5934650768077285e-06,0.00014104091013540039
512,0.05,0.05078125,26,correlated,120,1.0090695044169145,0.00038033041606597476,1.0003506654458545,1.4802434901509435e-05,1.0102288954184735,0.0002363481602270635,0.9904724354732359,0.000207832103711626,0.019756459945237684,0.0004441090226912553
512,0.05,0.05078125,26,uncorrelated,120,1.000239138928154,1.7968510872756142e-05,1.000009199418948,6.914212892048544e-07,1.0001010076318937,4.453514970540032e-05,0.9999173912060021,4.3421293654904724e-05,0.00018361642589176014,8.795262560207688e-05
512,0.1,0.099609375,51,correlated,120,1.0168251714927792,0.0006966597309248685,1.0003331798230746,1.3948672168826767e-05,1.0121680984954675,0.00030408688575466337,0.9884982611506815,0.0002768294924609938,0.02366983734478587,0.0005808859975479429
512,0.1,0.099609375,51,uncorrelated,120,1.0003889518295521,1.6063330243580866e-05,1.0000076282556627,3.151082399941624e-07,1.0000019541524738,4.046799977943696e-05,1.0000133023588516,3.996143953744998e-05,-1.134820637783418e-05,8.042856544347855e-05
512,0.15,0.150390625,77,correlated,120,1.0264807197484722,0.0009794752030583636,1.0003491290689157,1.3093972321289555e-05,1.0138525243904115,0.00031416181574255687,0.98684573374742,0.00028860219254687075,0.027006790642991663,0.0006027370368431326
512,0.15,0.150390625,77,uncorrelated,120,1.0006221825835564,2.480142754638935e-05,1.000008083243459,3.2235794944797165e-07,1.0000365245492466,3.83152360214227e-05,0.999979641937671,3.784226790272064e-05,5.6882611575600114e-05,7.615624363246211e-05
512,0.2,0.19921875,102,correlated,120,1.0350054915402345,0.0013221823731506036,1.0003501455632415,1.345982036918485e-05,1.0147479423694554,0.0003506363866944175,0.9859523487570278,0.000324248697547147,0.02879559361242769,0.0006748640752127748
512,0.2,0.19921875,102,uncorrelated,120,1.0007871966243662,3.040380428164878e-05,1.0000077211557241,2.9836672123356437e-07,1.0000385530082068,4.288823749755945e-05,0.9999768893032412,4.24036238221612e-05,6.166370496558382e-05,8.529115057844795e-05
512,0.25,0.25,128,correlated,120,1.0426926089621307,0.0013586337579134069,1.0003414481921247,1.1100421326774312e-05,1.015150442128133,0.0003004117309102909,0.9855324542561167,0.0002785362345172903,0.029617987872016253,0.0005789355807001745
512,0.25,0.25,128,uncorrelated,120,1.000968183677082,2.4912379311885396e-05,1.0000075678542124,1.9483489179843746e-07,1.0000032713849445,3.2808152676395664e-05,1.0000118643234803,3.253021831869618e-05,-8.592938535993226e-06,6.533780015625872e-05
512,0.3,0.30078125,154,correlated,120,1.0502405373506662,0.0018127197312253704,1.0003356364690015,1.2435238391481625e-05,1.0154155457486995,0.000349099295461316,0.9852557271893035,0.0003246137508795745,0.030159818559396073,0.0006736989461829188
512,0.3,0.30078125,154,uncorrelated,120,1.0011849534719663,3.2383655506012065e-05,1.0000076994347764,2.1056579835806337e-07,1.0000259449734021,3.6927151636838984e-05,0.9999894538961508,3.661109946405905e-05,3.649107725132254e-05,7.353772441497558e-05
512,0.35,0.349609375,179,correlated,120,1.0585551703800529,0.0020460022887529303,1.000338026756678,1.2191166007431745e-05,1.015885952374842,0.0003519832456830405,0.9847901011385137,0.00032786315268012436,0.031095851236328263,0.000679837043812231
512,0.35,0.349609375,179,uncorrelated,120,1.0014004676234565,3.550643350350032e-05,1.0000078297060477,1.9867366401691784e-07,1.0000198257914297,3.790679836338112e-05,0.9999958336206658,3.762662883246685e-05,2.399217076387942e-05,7.553290166554852e-05
512,0.4,0.400390625,205,correlated,120,1.0710177570214001,0.0025855006356245726,1.0003605934464572,1.3671927152372922e-05,1.0166805826237553,0.0003749000883589877,0.9840406042691592,0.00034787298468125954,0.03263997835459613,0.0007227611590816223
512,0.4,0.400390625,205,uncorrelated,120,1.0015641969457418,3.889007352065055e-05,1.000007636604258,1.9006848768815095e-07,1.0000212617948947,4.032844367168763e-05,0.9999940114136213,4.0039673502698836e-05,2.725038127325552e-05,8.036773694864352e-05
512,0.45,0.44921875,230,correlated,120,1.0782522654496196,0.0027286277427960148,1.0003553919430568,1.2975432229622355e-05,1.016838893609235,0.00035907789150267346,0.9838718902768785,0.00033346814508915533,0.03296700333235631,0.0006925333382186255
512,0.45,0.44921875,230,uncorrelated,120,1.0016731100136012,3.763587441588023e-05,1.0000072808151161,1.6393628633251382e-07,0.9999193259470558,3.757634746359798e-05,1.0000952356831765,3.732027299010744e-05,-0.00017590973612063946,7.489634055879148e-05
512,0.5,0.5,256,correlated,120,1.0823854792849503,0.0028160454148157595,1.0003368525724585,1.2077600656657848e-05,1.0164280159703316,0.00035840735157506234,0.9842456891745855,0.00033459600854096014,0.032182326795746126,0.0006929914598598589
512,0.5,0.5,256,uncorrelated,120,1.0020451396365582,4.7831575203958306e-05,1.0000079974935168,1.872713931955201e-07,1.0000440979404872,4.3934361095686565e-05,0.9999718970465462,4.36329140006648e-05,7.220089394095741e-05,8.756699295883317e-05
512,0.55,0.55078125,282,correlated,120,1.0972892557969758,0.0033908184844100428,1.0003641286511293,1.3351025593186632e-05,1.0172870044702396,0.00038237460458924184,0.9834412528320191,0.0003559778245307716,0.033845751638220484,0.0007383414522071207
512,0.55,0.55078125,282,uncorrelated,120,1.0021592384134241,5.2833285089878944e-05,1.0000076656977868,1.8781983226308652e-07,0.9999761666659518,4.269541168511432e-05,1.000039164729622,4.239522532382463e-05,-6.299806367031091e-05,8.509033736730013e-05
512,0.6,0.599609375,307,correlated,120,1.1024562579309323,0.003730233437645036,1.0003534537286687,1.3542590609958487e-05,1.0171369255033815,0.0004031677982217033,0.9835699819539556,0.0003763779247574399,0.033566943549425875,0.0007795355184297831
512,0.6,0.599609375,307,uncorrelated,120,1.0024230722095406,4.953151534223224e-05,1.0000079027484003,1.6175899422185648e-07,1.000091244164373,4.101216056545768e-05,0.9999245613324279,4.076057357260388e-05,0.00016668283194495406,8.177248119349335e-05
1024,0.05,0.0498046875,51,correlated,120,1.014633672593326,0.000403427268215679,1.0002891784383825,8.033607405915029e-06,1.012523395625213,0.0001970773230366454,0.9880549612515519,0.00018122722754790625,0.02446843437366112,0.0003782953913652297
1024,0.05,0.0498046875,51,uncorrelated,120,1.000095046120003,4.319661093935922e-06,1.0000018637575834,8.470956018986417e-08,0.9999897313927626,1.9763559972075173e-05,1.0000139961224042,1.9632711255844593e-05,-2.4264729641641316e-05,3.9396124240996194e-05
1024,0.1,0.099609375,102,correlated,120,1.027644258221352,0.0007440757693593148,1.0002750500216073,7.510591192503249e-06,1.014367379392636,0.00021729547492809888,0.9861827206505784,0.00020245427684622763,0.02818465874205763,0.0004197433493873016
1024,0.1,0.099609375,102,uncorrelated,120,1.0001895706566477,5.338569194459355e-06,1.0000018587267456,5.234929764227165e-08,0.999983842844768,1.7151224138480663e-05,1.0000198746087237,1.707484615922536e-05,-3.603176395546396e-05,3.4225995381045896e-05
1024,0.15,0.150390625,154,correlated,120,1.0412978864707088,0.0012314836450875036,1.0002742496534451,8.363955031130882e-06,1.0153498393231128,0.0002591425475876885,0.9851986599837778,0.00024252208267739532,0.030151179339334946,0.0005016610590207161
1024,0.15,0.150390625,154,uncorrelated,120,1.0002863650438,7.942883330897576e-06,1.0000018598020084,5.1592765427264256e-08,0.9999953630630524,1.900849975233414e-05,1.0000083565409645,1.8933490396847828e-05,-1.2993477912034978e-05,3.7941923984298085e-05
1024,0.2,0.2001953125,205,correlated,120,1.0579411373273893,0.0016588081031388173,1.0002915796608227,8.60404849225532e-06,1.0164918189039063,0.00027480125959273183,0.984091340417739,0.0002577586595249462,0.032400478486167235,0.0005325545972629191
1024,0.2,0.2001953125,205,uncorrelated,120,1.0003871987082813,8.757411753159737e-06,1.000001889160218,4.2737576065479954e-08,0.999991816441467,1.9420103868247547e-05,1.0000119618789693,1.935308983249905e-05,-2.014543750256855e-05,3.8773157398320956e-05
1024,0.25,0.25,256,correlated,120,1.0702375518461262,0.0018382481673874984,1.0002847421222596,7.717435529489544e-06,1.0166686166973418,0.0002510639198101266,0.9839008675471775,0.00023575713352692502,0.03276774915016416,0.0004868170091871367
1024,0.25,0.25,256,uncorrelated,120,1.0004892783602728,1.0979607162753926e-05,1.0000019117372416,4.291215017104457e-08,0.9999859925292688,1.856251229223157e-05,1.0000178309452141,1.8496664683113583e-05,-3.183841594525579e-05,3.705913609607015e-05
1024,0.3,0.2998046875,307,correlated,120,1.0842221900255073,0.002201417666466669,1.0002867866023757,7.823921262961338e-06,1.0170417755819208,0.00026321648607098704,0.9835317976228305,0.0002477089025943955,0.03350997795909042,0.0005109211122594561
1024,0.3,0.2998046875,307,uncorrelated,120,1.0005826910194984,1.0447967629067718e-05,1.0000018985886134,3.4053391481570454e-08,0.9999868724964907,1.75166597161509e-05,1.0000169246807362,1.746790215009519e-05,-3.0052184245532577e-05,3.498452954863852e-05
1024,0.35,0.349609375,358,correlated,120,1.0995944754431541,0.0026178140627767356,1.000293142422837,8.06781858066498e-06,1.0174721404832416,0.00027032409398588847,0.9831141443624325,0.0002542859078808256,0.034357996120809066,0.0005246070135687592
1024,0.35,0.349609375,358,uncorrelated,120,1.0006933634194988,1.411824844241133e-05,1.000001937471929,3.9465789294816785e-08,1.0000045397769572,1.8190419968657727e-05,0.9999993351669002,1.8128546994754284e-05,5.204610057143085e-06,3.631893389625051e-05
1024,0.4,0.400390625,410,correlated,120,1.112235922109141,0.0033446769300006798,1.000290684400477,9.201446311280504e-06,1.0174907252573502,0.00030790550471438506,0.9830906435436039,0.0002896615898370982,0.03440008171374618,0.0005975622197427425
1024,0.4,0.400390625,410,uncorrelated,120,1.0007972060474015,1.414024012062155e-05,1.000001945207093,3.451720108788557e-08,1.000010675007929,1.804611071876313e-05,0.9999932154062565,1.7992955680962745e-05,1.7459601672268713e-05,3.60390394804469e-05
1024,0.45,0.4501953125,461,correlated,120,1.1242742503793457,0.003417185486154446,1.000287787465265,8.483256704222054e-06,1.0175554901951742,0.00028119223727920495,0.9830200847353555,0.00026433220149359843,0.034535405459818765,0.0005455211375628217
1024,0.45,0.4501953125,461,uncorrelated,120,1.0008931694908638,1.3321013735633438e-05,1.0000019383471492,2.8923300489914824e-08,1.0000326356389289,1.7282563366139338e-05,0.9999712410553697,1.7240324135007403e-05,6.139458355913229e-05,3.45228648773568e-05
1024,0.5,0.5,512,correlated,120,1.1355451090785444,0.003926778415700762,1.0002844252472511,8.832325451381425e-06,1.0175347735000357,0.0003021637221402062,0.9830340769944667,0.0002846326324087969,0.034500696505569195,0.0005867923490704812
1024,0.5,0.5,512,uncorrelated,120,1.0009870300875292,1.4080153033022588e-05,1.0000019287656678,2.752878215906617e-08,1.0000094060962845,1.7192470914002546e-05,0.9999944514350515,1.7155285129816406e-05,1.495466123296781e-05,3.43477320458405e-05
1024,0.55,0.5498046875,563,correlated,120,1.1414172949453365,0.0037053972820846,1.0002703572944103,7.5733060280520445e-06,1.0171901784107014,0.0002721845114481231,0.9833505361781193,0.00025713725359872085,0.033839642232581915,0.0005293189313299823
1024,0.55,0.5498046875,563,uncorrelated,120,1.0010813410447268,1.5094142868160683e-05,1.000001921737453,2.6840433569452554e-08,1.0000045127176014,1.700247155565347e-05,0.9999993307573047,1.6964643491843014e-05,5.181960296694413e-06,3.3967093693408285e-05
1024,0.6,0.599609375,614,correlated,120,1.1657446669888385,0.004160295891517682,1.0002939435021396,7.948355221496322e-06,1.0180520847593235,0.00027812841905256553,0.9825358022449557,0.0002623689865727899,0.03551628251436787,0.000540493385525592
1024,0.6,0.599609375,614,uncorrelated,120,1.0011580440057375,1.6375804067368285e-05,1.0000018871813925,2.670249649111863e-08,0.9999833089024242,1.850139197383521e-05,1.0000204654603608,1.8460779460717104e-05,-3.7156557936699847e-05,3.6962155164981676e-05
