N,nominal_load,actual_load,P,generator,corr,condition,mean_pair_overlap_abs_mean,mean_pair_overlap_abs_sem,n_realizations,mean_q2_mean,mean_q2_sem,mean_cost_int_mean,mean_cost_int_sem,mean_cost_cum_mean,mean_cost_cum_sem
128,0.05,0.046875,6,block,0.15,correlated,0.073,0.0022618734333670018,50,0.00013711521173042344,1.837299556456831e-05,1.0001370846223334,1.8365385883436744e-05,1.0006848136482263,9.167548435349598e-05
128,0.05,0.046875,6,block,0.15,uncorrelated,0.06924999999999999,0.0015536854546733365,50,0.00010294587776675553,1.3146172774242866e-05,1.0001029271120112,1.314012138496445e-05,1.0005142616571057,6.55802482231629e-05
128,0.05,0.046875,6,block,0.25,correlated,0.08816666666666667,0.003201827709336045,50,0.00023003596007192015,3.113023382765285e-05,1.0002299540343855,3.110613113346763e-05,1.0011481418990618,0.00015505304262887173
128,0.05,0.046875,6,block,0.25,uncorrelated,0.07333333333333333,0.0018848945278058349,50,0.00011662949888399776,1.2194520171587695e-05,1.0001166117971574,1.2190997028067135e-05,1.000582705803867,6.088473823390874e-05
128,0.05,0.046875,6,block,0.35,correlated,0.12727083333333333,0.004204619876059451,50,0.0008457177773730547,0.00010317788858051369,1.0008447029923457,0.00010293406204184384,1.004203628437978,0.000509929525237622
128,0.05,0.046875,6,block,0.35,uncorrelated,0.06952083333333332,0.0020442355940136154,50,0.00010883370985491971,1.3752365602156769e-05,1.0001088136438043,1.3743933067838998e-05,1.0005436688622427,6.855237133040797e-05
128,0.05,0.046875,6,block,0.45,correlated,0.20231250000000003,0.004517960073173413,50,0.0028878100490575985,0.00020891760520377794,1.0028811680903091,0.0002080702937803723,1.0142768073206592,0.0010240515743272847
128,0.05,0.046875,6,block,0.45,uncorrelated,0.0701875,0.0017607103617265267,50,0.00011052418198586397,1.7080388378389615e-05,1.0001104994123404,1.706777854612555e-05,1.0005520045991434,8.508884020421967e-05
128,0.05,0.046875,6,latent,0.15,correlated,0.07270833333333333,0.001898940135827294,50,0.00014995117490234982,1.7540766156693008e-05,1.0001499161975191,1.7531702605749807e-05,1.0007488844219448,8.747829857525163e-05
128,0.05,0.046875,6,latent,0.15,uncorrelated,0.07439583333333334,0.001918452011583375,50,0.0001510819506014012,1.9172202361031613e-05,1.0001510403758314,1.9159504707140383e-05,1.0007543749972383,9.554557584454923e-05
128,0.05,0.046875,6,latent,0.25,correlated,0.08595833333333332,0.002463998142871168,50,0.000274064282503565,3.659701998789035e-05,1.0002739452235323,3.656905822354459e-05,1.0013673604538005,0.00018229052958491853
128,0.05,0.046875,6,latent,0.25,uncorrelated,0.070875,0.0017980624650211442,50,0.00010968403186806375,1.0684103605692755e-05,1.0001096667736187,1.0680198327508805e-05,1.0005479896697644,5.3323209967808844e-05
128,0.05,0.046875,6,latent,0.35,correlated,0.13560416666666666,0.003493785227837276,50,0.000893283497504495,7.13651827406449e-05,1.0008925270241182,7.126450561576207e-05,1.0044476750890245,0.0003543378389046459
128,0.05,0.046875,6,latent,0.35,uncorrelated,0.07095833333333332,0.0018979229905358474,50,0.00012977255642011284,2.272638602353445e-05,1.0001297224069639,2.2696012064393237e-05,1.0006476200956995,0.00011288180872282401
128,0.05,0.046875,6,latent,0.45,correlated,0.2038125,0.005147399511033748,50,0.0030194518123411247,0.0002106458021284448,1.0030123081394295,0.00020978330658779625,1.0149228533631922,0.0010323497983162015
128,0.05,0.046875,6,latent,0.45,uncorrelated,0.07241666666666666,0.0021406321120179123,50,0.0001318563418376837,1.7791283714402032e-05,1.0001318264039898,1.77811626666402e-05,1.0006585360626554,8.870468191414567e-05
128,0.05,0.046875,6,mixture,0.15,correlated,0.07197916666666666,0.0020352116651859197,50,0.0001224926277977556,1.5873844127249964e-05,1.0001224643584956,1.5861198298422654e-05,1.0006117599249829,7.9055574169501e-05
128,0.05,0.046875,6,mixture,0.15,uncorrelated,0.07077083333333332,0.001922906970185088,50,0.00013316439914129826,1.7774853748453623e-05,1.0001331335475367,1.7765653650339432e-05,1.0006650533944934,8.864536779932084e-05
128,0.05,0.046875,6,mixture,0.25,correlated,0.07522916666666667,0.0024285221896268943,50,0.00015987821819393638,1.945643311345924e-05,1.000159837596775,1.944695898604005e-05,1.000798378944246,9.704632503967294e-05
128,0.05,0.046875,6,mixture,0.25,uncorrelated,0.07185416666666666,0.001796961110280189,50,0.00011680266329282659,1.7966250547809534e-05,1.000116779520141,1.7956636175386163e-05,1.0005834368349433,8.959218294962273e-05
128,0.05,0.046875,6,mixture,0.35,correlated,0.08989583333333333,0.0024339798117328135,50,0.0003136235100595201,2.790470778238706e-05,1.0003135019659897,2.7883378545584056e-05,1.0015650932081082,0.00013899400473047735
128,0.05,0.046875,6,mixture,0.35,uncorrelated,0.06960416666666666,0.0017360887186764523,50,0.00011013764996279994,1.0883319480464332e-05,1.0001101227490268,1.0880158216708238e-05,1.0005503164066805,5.433776550117512e-05
128,0.05,0.046875,6,mixture,0.45,correlated,0.11683333333333332,0.00286648398603182,50,0.0010486686442122883,9.914260503739649e-05,1.0010472778173973,9.88864103507193e-05,1.0052091278681639,0.0004894502601436226
128,0.05,0.046875,6,mixture,0.45,uncorrelated,0.06820833333333333,0.0018390449064121447,50,0.00011178573919647839,1.3345109326946107e-05,1.0001117647559647,1.333931353012388e-05,1.000558405619759,6.658120480160834e-05
128,0.1,0.1015625,13,block,0.15,correlated,0.07146634615384614,0.0009247844558870244,50,0.00014433137039351,9.821062205242281e-06,1.0001443076213616,9.816446708668901e-06,1.0017285815812533,0.00011719726894256244
128,0.1,0.1015625,13,block,0.15,uncorrelated,0.06961538461538462,0.0011297421636511104,50,0.00012297439558821424,8.227186084959578e-06,1.0001229579942474,8.22481415818076e-06,1.0014733430987952,9.838737388095593e-05
128,0.1,0.1015625,13,block,0.25,correlated,0.08683493589743589,0.0012056136649626873,50,0.0002627748945401737,1.488347396558017e-05,1.0002626983997973,1.4874425548310764e-05,1.0031423974669966,0.00017731811756532598
128,0.1,0.1015625,13,block,0.25,uncorrelated,0.07120192307692308,0.0008569154791004742,50,0.00011634161188995453,5.5357149848515565e-06,1.0001163291352002,5.53446019988397e-06,1.001394309370372,6.624886655116084e-05
128,0.1,0.1015625,13,block,0.35,correlated,0.1305528846153846,0.00239371365518359,50,0.0008685087472338407,6.50758366417323e-05,1.000867736523345,6.489915531933432e-05,1.0103150441902558,0.0007573587205477899
128,0.1,0.1015625,13,block,0.35,uncorrelated,0.07168269230769231,0.0008469798734780119,50,0.00013392967591223644,8.093703642861103e-06,1.000133904450667,8.088266316207969e-06,1.0016035594642108,9.63545966236661e-05
128,0.1,0.1015625,13,block,0.45,correlated,0.20542467948717946,0.002123013575682399,50,0.0030757473474081563,0.0001106114475178615,1.003068939132148,0.00011013039695735405,1.0359856800849605,0.0012638985868293467
128,0.1,0.1015625,13,block,0.45,uncorrelated,0.07080929487179487,0.000877148998314272,50,0.00012248759773961855,8.177022356576444e-06,1.0001224713427068,8.174042976445282e-06,1.0014675228210925,9.769879216895193e-05
128,0.1,0.1015625,13,latent,0.15,correlated,0.07198717948717949,0.0008109082945312435,50,0.00012297504763278755,6.9185188511986e-06,1.0001229602446096,6.916326634231825e-06,1.0014735793985272,8.27093548737893e-05
128,0.1,0.1015625,13,latent,0.15,uncorrelated,0.0708974358974359,0.0007046076999970181,50,0.00012757606044058243,6.181658524818352e-06,1.0001275600068866,6.179626615831622e-06,1.0015286120800475,7.388987470948704e-05
128,0.1,0.1015625,13,latent,0.25,correlated,0.08814903846153845,0.0015713323272492131,50,0.0002676801327160347,1.8657096352370274e-05,1.0002676028762976,1.8644653442774414e-05,1.0032011564849632,0.00022212266639043464
128,0.1,0.1015625,13,latent,0.25,uncorrelated,0.06968749999999999,0.0008556430852352354,50,0.00012642324563495283,7.768125960813502e-06,1.0001264039336946,7.763590585919524e-06,1.0015143208127677,9.257551686920224e-05
128,0.1,0.1015625,13,latent,0.35,correlated,0.1314342948717949,0.0022377246004059576,50,0.0008091997043369086,4.501647484393353e-05,1.0008086436369006,4.4949358085573555e-05,1.0096320277944415,0.0005308576270717565
128,0.1,0.1015625,13,latent,0.35,uncorrelated,0.06954326923076923,0.0007429099854612314,50,0.00011948986938839264,5.933429067497856e-06,1.0001194750708349,5.931595077370192e-06,1.0014317574167262,7.093905397964335e-05
128,0.1,0.1015625,13,latent,0.45,correlated,0.20479967948717948,0.0028901674594684315,50,0.003036692485644587,0.0001514788982308172,1.0030299956481583,0.00015076199917010398,1.035532811569196,0.0017237234999785513
128,0.1,0.1015625,13,latent,0.45,uncorrelated,0.07019230769230769,0.0008824502688739942,50,0.0001174249373739132,5.5010933880059266e-06,1.0001174123786334,5.499862501610373e-06,1.0014072971212935,6.583682493732076e-05
128,0.1,0.1015625,13,mixture,0.15,correlated,0.07083333333333333,0.0008079588385998763,50,0.00012587170907514894,7.329584390811723e-06,1.000125854346112,7.326861020455818e-06,1.0015079744592206,8.756662365699394e-05
128,0.1,0.1015625,13,mixture,0.15,uncorrelated,0.06977564102564102,0.0008216568393756387,50,0.00012304518899903185,7.245075559734306e-06,1.000123028619539,7.242709300384378e-06,1.0014741692295994,8.660307306699322e-05
128,0.1,0.1015625,13,mixture,0.25,correlated,0.07649038461538461,0.0010555270758828257,50,0.00015826267529938908,1.2127073802139683e-05,1.000158232888276,1.2121332742095405e-05,1.0018948987737968,0.00014470900280969592
128,0.1,0.1015625,13,mixture,0.25,uncorrelated,0.07016025641025642,0.0007983856600321281,50,0.00011638734815931169,6.737907728318796e-06,1.0001163737623278,6.735923463955422e-06,1.0013947005961887,8.05711956723685e-05
128,0.1,0.1015625,13,mixture,0.35,correlated,0.0885897435897436,0.0011218322487605902,50,0.00030285458407455275,1.8694019035236635e-05,1.0003027545432281,1.8680310387967235e-05,1.0036200303450913,0.00022239330862758365
128,0.1,0.1015625,13,mixture,0.35,uncorrelated,0.07036858974358974,0.0008918116354534689,50,0.00012855869161257553,7.85214547468095e-06,1.0001285390851837,7.84886369644466e-06,1.0015398992301883,9.375810158316967e-05
128,0.1,0.1015625,13,mixture,0.45,correlated,0.11604166666666668,0.002265985117436272,50,0.0011322830398064643,7.394845375917351e-05,1.0011310321023323,7.378688476692989e-05,1.0134132742243778,0.0008651930549760219
128,0.1,0.1015625,13,mixture,0.45,uncorrelated,0.07015224358974359,0.0006047651304734227,50,0.00011379137241447561,4.302755161315865e-06,1.0001137803042217,4.301725611170218e-06,1.0013639077560608,5.148562589533115e-05
128,0.15,0.1484375,19,block,0.15,correlated,0.07278508771929824,0.0006022964165381349,50,0.0001357714338235694,5.039282812642433e-06,1.000135755554209,5.037735165148265e-06,1.0024387745894088,9.021160908635642e-05
128,0.15,0.1484375,19,block,0.15,uncorrelated,0.06927997076023393,0.0005404892008097313,50,0.00011776246277273257,4.727113463418107e-06,1.000117750598006,4.725876689318065e-06,1.0021159010838812,8.469121583829065e-05
128,0.15,0.1484375,19,block,0.25,correlated,0.08834429824561402,0.0009034370806276261,50,0.0002723850869850862,1.206539769858435e-05,1.0002723168172576,1.205895258756408e-05,1.0048810891131525,0.0002151281359925557
128,0.15,0.1484375,19,block,0.25,uncorrelated,0.07037646198830409,0.0005648336382237717,50,0.00011894905642881463,4.715885716397059e-06,1.0001189373773611,4.714771027272153e-06,1.0021373189013003,8.452799192755272e-05
128,0.15,0.1484375,19,block,0.35,correlated,0.12813230994152047,0.0019016317249493711,50,0.0007636479897411549,3.39782370617766e-05,1.0007631994974289,3.393896982942967e-05,1.013604085501477,0.0005993694813581717
128,0.15,0.1484375,19,block,0.35,uncorrelated,0.07072002923976607,0.0004773641281489272,50,0.00012469651721101687,4.5637565246605905e-06,1.000124683349241,4.562696132841036e-06,1.0022402936810346,8.18068830408583e-05
128,0.15,0.1484375,19,block,0.45,correlated,0.2029751461988304,0.002690491195537542,50,0.003076428137505398,0.00013780543367003777,1.0030694429757852,0.00013717955524791416,1.053316309327474,0.002303767694690665
128,0.15,0.1484375,19,block,0.45,uncorrelated,0.06977704678362574,0.0006154083840151982,50,0.00011456974531273622,3.815487454013901e-06,1.0001145580942898,3.8142265785396514e-06,1.0020585036957557,6.827589742382742e-05
128,0.15,0.1484375,19,latent,0.15,correlated,0.0725328947368421,0.0006453061650512204,50,0.00013879512956394333,6.279969473112233e-06,1.0001387763546585,6.27795754829104e-06,1.0024922798350084,0.00011239640698028607
128,0.15,0.1484375,19,latent,0.15,uncorrelated,0.0702997076023392,0.0005965977670230853,50,0.0001142340387750951,4.588529040354663e-06,1.00011422342742,4.587552187723668e-06,1.0020527910332053,8.227944471034914e-05
128,0.15,0.1484375,19,latent,0.25,correlated,0.08693347953216374,0.001063437043704979,50,0.00024354937827200215,1.2660745272310657e-05,1.0002434951400172,1.2654157156720681e-05,1.0043665249352165,0.00022579851895643946
128,0.15,0.1484375,19,latent,0.25,uncorrelated,0.07059576023391813,0.00042701400205838826,50,0.00012496075704870709,5.406194505370253e-06,1.0001249469933013,5.404737314275924e-06,1.002244860916523,9.684409854048042e-05
128,0.15,0.1484375,19,latent,0.35,correlated,0.12792397660818713,0.0020380069978300904,50,0.0008166343443432501,4.111265862870934e-05,1.0008160704061497,4.105426367099894e-05,1.0145225089686551,0.0007219985837052711
128,0.15,0.1484375,19,latent,0.35,uncorrelated,0.06999634502923978,0.000502841236407793,50,0.00012129449834557566,4.846507821610557e-06,1.0001212812614702,4.845088467060311e-06,1.0021790392690824,8.678223816066533e-05
128,0.15,0.1484375,19,latent,0.45,correlated,0.20461622807017543,0.0024532940781737313,50,0.0031377260013291954,0.0001308035124849485,1.0031305859153532,0.0001301765455576468,1.0543735761680697,0.002178520598168864
128,0.15,0.1484375,19,latent,0.45,uncorrelated,0.07068347953216374,0.0005224594357303711,50,0.00012585579036289652,4.676375902834253e-06,1.0001258417439904,4.67501975109744e-06,1.0022608840890954,8.374126703868291e-05
128,0.15,0.1484375,19,mixture,0.15,correlated,0.07125,0.0005461191205788146,50,0.0001254775947051894,4.160622789195248e-06,1.0001254645846185,4.159590886645986e-06,1.0022544040979557,7.45599853537103e-05
128,0.15,0.1484375,19,mixture,0.15,uncorrelated,0.0702704678362573,0.0004776139246760127,50,0.00012106310259769641,3.829535699702313e-06,1.0001210507787273,3.828491539640009e-06,1.0021751644081498,6.859650428563837e-05
128,0.15,0.1484375,19,mixture,0.25,correlated,0.07609283625730993,0.0008201050259641209,50,0.00016496876743753484,7.3905003657442076e-06,1.0001649442201848,7.387950803634865e-06,1.0029615493192823,0.00013221430682408759
128,0.15,0.1484375,19,mixture,0.25,uncorrelated,0.07097222222222223,0.0005601689094148773,50,0.00012840840922909914,4.592497172764479e-06,1.0001283947017132,4.591387627187518e-06,1.0023069344773063,8.230856896151227e-05
128,0.15,0.1484375,19,mixture,0.35,correlated,0.09022295321637427,0.0011391511680238482,50,0.0003442228444215661,1.9044786433300866e-05,1.0003441093346404,1.9031250555733175e-05,1.006159880735653,0.00033853922607193597
128,0.15,0.1484375,19,mixture,0.35,uncorrelated,0.07148391812865496,0.0006369526934422016,50,0.0001352159735569471,5.122969241074785e-06,1.0001352000024653,5.1215137839310685e-06,1.0024287462056292,9.174732900087471e-05
128,0.15,0.1484375,19,mixture,0.45,correlated,0.11612938596491228,0.0013604414238853784,50,0.0011485957634744218,5.2319295021157154e-05,1.0011474902285895,5.221675216103483e-05,1.0203317524220663,0.0009105652765877794
128,0.15,0.1484375,19,mixture,0.45,uncorrelated,0.07089181286549708,0.0005518351283355414,50,0.00012481812107264568,4.403218899878287e-06,1.0001248047547104,4.4020216468211115e-06,1.0022424209423615,7.887389778339804e-05
128,0.2,0.203125,26,block,0.15,correlated,0.07294230769230771,0.00045577908367891174,50,0.00014643253373045208,4.510570465636367e-06,1.00014641408847,4.509089982837228e-06,1.0036494017683197,0.00011185611408786709
128,0.2,0.203125,26,block,0.15,uncorrelated,0.0709701923076923,0.0004586836297179519,50,0.00012857170269629,4.474098486863196e-06,1.000128558592956,4.47280308984433e-06,1.003206163809456,0.00011105553266856799
128,0.2,0.203125,26,block,0.25,correlated,0.08713846153846154,0.0007427016792262992,50,0.0002562146032945912,8.08782943905553e-06,1.0002561626518551,8.084150477462987e-06,1.0063733317636423,0.00019994790915951274
128,0.2,0.203125,26,block,0.25,uncorrelated,0.07044423076923077,0.0004251269549046485,50,0.00013060327611039838,3.546633368556964e-06,1.0001305899568274,3.545634021419839e-06,1.0032568206928563,8.805072781486998e-05
128,0.2,0.203125,26,block,0.35,correlated,0.12816442307692308,0.001619018820937301,50,0.000787665719922786,2.9848217605560642e-05,1.0007871858880957,2.9810835848406355e-05,1.0194029774333082,0.0007241519657219166
128,0.2,0.203125,26,block,0.35,uncorrelated,0.07014423076923078,0.000391416034284109,50,0.00012037584892477475,3.505633496749028e-06,1.0001203646514245,3.5048457424362508e-06,1.0030024449914077,8.715420749371188e-05
128,0.2,0.203125,26,block,0.45,correlated,0.2042951923076923,0.0021542147631500104,50,0.0031515691732104615,0.00010148062381735827,1.003144618785766,0.00010104686669940985,1.0749351327124665,0.0023090168479619685
128,0.2,0.203125,26,block,0.45,uncorrelated,0.07091153846153846,0.00042149062181985933,50,0.0001305052011546331,3.746739922232076e-06,1.0001304917074145,3.7458134476407495e-06,1.003254258052653,9.309692305124544e-05
128,0.2,0.203125,26,latent,0.15,correlated,0.07263173076923077,0.00042433008443794237,50,0.00013675325992478906,3.6491497954952375e-06,1.0001367393587228,3.648329189348998e-06,1.0034102016810804,9.072120173457706e-05
128,0.2,0.203125,26,latent,0.15,uncorrelated,0.06957596153846154,0.00043733918931153213,50,0.00011837718326878962,3.768245282590657e-06,1.0001183665350108,3.7674745654621436e-06,1.002952815529943,9.372911059691362e-05
128,0.2,0.203125,26,latent,0.25,correlated,0.08776634615384614,0.0008449513026977855,50,0.0002686842850849163,8.549771024208369e-06,1.0002686275791515,8.546016181230773e-06,1.0066821690415722,0.00021144795879197178
128,0.2,0.203125,26,latent,0.25,uncorrelated,0.07014903846153846,0.00044293913104799065,50,0.00012093634271403157,3.0632257747343634e-06,1.0001209252407333,3.062614059809786e-06,1.0030165143496288,7.62021583444374e-05
128,0.2,0.203125,26,latent,0.35,correlated,0.12813750000000002,0.0014109943399325097,50,0.0007758741682146825,2.6188093018019977e-05,1.0007754258342667,2.6154698424325244e-05,1.0191269578989406,0.000635119919315281
128,0.2,0.203125,26,latent,0.35,uncorrelated,0.0706048076923077,0.0003482409444246139,50,0.0001195961116681849,3.909196364180927e-06,1.0001195850609368,3.908191751440384e-06,1.0029830442479162,9.711018323898983e-05
128,0.2,0.203125,26,latent,0.45,correlated,0.19811634615384613,0.0017494903093130145,50,0.0027756167037574463,8.495318179081465e-05,1.0027702670331686,8.459047484683836e-05,1.0663889869308287,0.0019348565126511147
128,0.2,0.203125,26,latent,0.45,uncorrelated,0.0708125,0.00042443999151135043,50,0.00012545941570248526,3.7889997873219033e-06,1.0001254468387222,3.787818959440249e-06,1.0031286876673262,9.40005813879332e-05
128,0.2,0.203125,26,mixture,0.15,correlated,0.07149038461538462,0.0003810247426167664,50,0.00012950328064117666,3.3677791805312832e-06,1.000129490797984,3.3670348402390165e-06,1.003229829441309,8.373404338867268e-05
128,0.2,0.203125,26,mixture,0.15,uncorrelated,0.07067211538461537,0.0004439757001483114,50,0.00012597800351850705,3.964319747335171e-06,1.000125965486879,3.963376401413052e-06,1.0031416831763709,9.852512382448999e-05
128,0.2,0.203125,26,mixture,0.25,correlated,0.07585961538461539,0.00047862086710486113,50,0.0001757264745298721,5.719474955564775e-06,1.0001757005561673,5.7174068300486825e-06,1.004377135948046,0.0001417170738838275
128,0.2,0.203125,26,mixture,0.25,uncorrelated,0.07016153846153846,0.00041865139346777017,50,0.0001260604852940475,3.431091883951211e-06,1.0001260484162684,3.430394632109129e-06,1.003144017648825,8.534579483615978e-05
128,0.2,0.203125,26,mixture,0.35,correlated,0.09048365384615384,0.0006505675052486101,50,0.00036263240230807384,1.2263284244964696e-05,1.0003625223450472,1.2254678835851372e-05,1.00899847485356,0.00030139242164130893
128,0.2,0.203125,26,mixture,0.35,uncorrelated,0.07079807692307692,0.00046994687295282673,50,0.0001215783681567363,4.0615881137749926e-06,1.000121566989152,4.060700562313272e-06,1.0030323955566007,0.00010099140721533965
128,0.2,0.203125,26,mixture,0.45,correlated,0.11463461538461539,0.0009974731464138214,50,0.0010596758719959747,3.7581379624316694e-05,1.0010587915787594,3.751454609544495e-05,1.025967305061998,0.0009009204057755006
128,0.2,0.203125,26,mixture,0.45,uncorrelated,0.06991442307692307,0.0004826186758589933,50,0.00011922502751255504,3.7787497160159516e-06,1.0001192135853676,3.777840888962768e-06,1.0029735267284812,9.39078704324313e-05
128,0.3,0.296875,38,block,0.15,correlated,0.07253911806543385,0.00038102140909487917,50,0.00013559548178395788,3.0056865697172215e-06,1.0001355826972362,3.0049145348488717e-06,1.0049997004161808,0.00011017571500051231
128,0.3,0.296875,38,block,0.15,uncorrelated,0.0705965504978663,0.0002976282583232144,50,0.00012522170914718787,2.4325875252648598e-06,1.000125211091554,2.4321316945735e-06,1.0046187845205363,8.938964432481153e-05
128,0.3,0.296875,38,block,0.25,correlated,0.08681054409672831,0.0006544661503932973,50,0.0002520412922782638,6.445232763441176e-06,1.0002519955958378,6.442902677063469e-06,1.0092640323336972,0.00023536144294348098
128,0.3,0.296875,38,block,0.25,uncorrelated,0.07031294452347084,0.0002894821363410632,50,0.00012192713952462043,2.2619184139374936e-06,1.0001219169633,2.2614862851313845e-06,1.0044974852065598,8.310722100669159e-05
128,0.3,0.296875,38,block,0.35,correlated,0.1303862908961593,0.001138522075404017,50,0.0008295323157924944,2.3789704528307247e-05,1.0008290320318034,2.3760200370710993e-05,1.0300440644235187,0.0008429912456806077
128,0.3,0.296875,38,block,0.35,uncorrelated,0.06999688833570412,0.00030395112220611253,50,0.000122559131309141,2.2512571388436682e-06,1.0001225488474412,2.2508149741696145e-06,1.0045207236008213,8.269976573538664e-05
128,0.3,0.296875,38,block,0.45,correlated,0.20418696657183502,0.00150355051615089,50,0.0030716900614655603,7.766438272534959e-05,1.0030652884310531,7.733406880397326e-05,1.106206047250189,0.002517237443395168
128,0.3,0.296875,38,block,0.45,uncorrelated,0.07067345305832148,0.0003221296761770769,50,0.00012643555153531004,3.1791924064933787e-06,1.000126424734749,3.1785383413273505e-06,1.004663427689016,0.00011674771391787053
128,0.3,0.296875,38,latent,0.15,correlated,0.072688033428165,0.0002752391581069008,50,0.00013869013263231007,2.682143857221565e-06,1.0001386770064913,2.6816318949884563e-06,1.005113724306696,9.854777306582353e-05
128,0.3,0.296875,38,latent,0.15,uncorrelated,0.07049786628733996,0.0003232665986554952,50,0.00012329662472713993,2.8104943045044294e-06,1.0001232863199616,2.8099808985219084e-06,1.004547980104878,0.00010329427509351321
128,0.3,0.296875,38,latent,0.25,correlated,0.08747821834992887,0.0005872188013476339,50,0.0002583382246578682,7.094364641760521e-06,1.0002582886046156,7.091279677858793e-06,1.0094918767370447,0.0002583973148313344
128,0.3,0.296875,38,latent,0.25,uncorrelated,0.07053742887624466,0.0003020863845721049,50,0.00012129274997570265,2.3500201539719636e-06,1.0001212828228567,2.3495916822072148e-06,1.0044743469729198,8.637156354245833e-05
128,0.3,0.296875,38,latent,0.35,correlated,0.13085215149359886,0.001304251004284825,50,0.0008343791691472962,2.82583923776514e-05,1.0008338620630344,2.8221795980336805e-05,1.030203187311097,0.0009995141860478789
128,0.3,0.296875,38,latent,0.35,uncorrelated,0.07080547652916075,0.00029845524697533687,50,0.00012339216323614015,2.604869111362058e-06,1.0001233814565775,2.6042422900822036e-06,1.0045509874443246,9.553771503396341e-05
128,0.3,0.296875,38,latent,0.45,correlated,0.19854151849217636,0.0015196541164646225,50,0.002836638282129249,7.48714738328935e-05,1.0028311212576047,7.458299842376586e-05,1.098480574567165,0.002453235041457576
128,0.3,0.296875,38,latent,0.45,uncorrelated,0.07055343172119488,0.0003048409720360878,50,0.00012783770627774186,2.7701578253759763e-06,1.0001278260935569,2.7694898359271716e-06,1.0047142460631064,0.00010159797034815436
128,0.3,0.296875,38,mixture,0.15,correlated,0.07075346728307257,0.0003116712023003268,50,0.00012578073448065458,2.317306536678469e-06,1.0001257700172694,2.3168081254530713e-06,1.0046393360633963,8.506880333585624e-05
128,0.3,0.296875,38,mixture,0.15,uncorrelated,0.07053298364153628,0.00028440364263027193,50,0.00012140933093432686,2.3344084669822436e-06,1.0001213995341889,2.334015303355126e-06,1.0044788352230698,8.584120803880701e-05
128,0.3,0.296875,38,mixture,0.25,correlated,0.07642603129445236,0.00026951182115216504,50,0.0001730194060939331,3.445913146992929e-06,1.000172998440163,3.444927493012808e-06,1.0063733437592974,0.00012617581984713196
128,0.3,0.296875,38,mixture,0.25,uncorrelated,0.07069612375533428,0.00028218475003165895,50,0.00012482167523012144,2.738854980138568e-06,1.000124810717174,2.738248333553462e-06,1.0046035332580434,0.00010051981849041132
128,0.3,0.296875,38,mixture,0.35,correlated,0.0898133001422475,0.00045804834240926654,50,0.0003653674252583213,1.0643386236229856e-05,1.0003652630328441,1.0636731078909494e-05,1.0133797160369236,0.0003850800742286356
128,0.3,0.296875,38,mixture,0.35,uncorrelated,0.06995777027027027,0.0002779497653859127,50,0.00012111402351138628,2.040538358841239e-06,1.0001211040573044,2.0401664790149218e-06,1.0044676813627453,7.499705416899404e-05
128,0.3,0.296875,38,mixture,0.45,correlated,0.1138042318634424,0.0007009775097141706,50,0.0010913321646611287,2.9660992007706435e-05,1.0010904280442068,2.9607972439666236e-05,1.0392319949722622,0.0010328922385168097
128,0.3,0.296875,38,mixture,0.45,uncorrelated,0.07028360597439545,0.00027411610516606425,50,0.00012544854592731947,2.8969075382154506e-06,1.0001254373846336,2.896153845889956e-06,1.0046264658476516,0.00010617846378669665
256,0.05,0.05078125,13,block,0.15,correlated,0.05252403846153847,0.000676238804383788,50,3.8677477967054095e-05,2.0620245107442634e-06,1.0000386760109168,2.0618616553418786e-06,1.0004639187540783,2.4720888925732943e-05
256,0.05,0.05078125,13,block,0.15,uncorrelated,0.05030849358974358,0.0005682376132959978,50,3.088686612151145e-05,1.2798332986967427e-06,1.000030885962311,1.2797487949676447e-06,1.0003705123787792,1.5345853314180898e-05
256,0.05,0.05078125,13,block,0.25,correlated,0.07289663461538462,0.001030700596233763,50,0.00011044119649493786,5.733526878596815e-06,1.0001104296016297,5.732296029429337e-06,1.0013236304550244,6.862603834745517e-05
256,0.05,0.05078125,13,block,0.25,uncorrelated,0.04983573717948718,0.0006874160300731,50,3.156165204581079e-05,2.0372286887601854e-06,1.0000315605440506,2.0370302375022787e-06,1.0003785805142902,2.4418241326615157e-05
256,0.05,0.05078125,13,block,0.35,correlated,0.12673076923076923,0.0018384975425467052,50,0.0005311706092300544,2.7618903163759223e-05,1.0005309536999178,2.7597191039625166e-05,1.0063431831196226,0.0003283517699053927
256,0.05,0.05078125,13,block,0.35,uncorrelated,0.04921073717948717,0.0005740476599697893,50,2.9696695797474343e-05,1.5820915566581524e-06,1.0000296958916746,1.581995614404587e-06,1.000356244659851,1.8971301735325082e-05
256,0.05,0.05078125,13,block,0.45,correlated,0.20495192307692311,0.0022843038449944933,50,0.002432490712552618,9.646158561022116e-05,1.0024286902922241,9.61484039858904e-05,1.0286643739691668,0.0011151940394923008
256,0.05,0.05078125,13,block,0.45,uncorrelated,0.04934294871794871,0.0005626886998790671,50,3.2282871356184506e-05,1.7350558112054195e-06,1.0000322817981782,1.7349335048674836e-06,1.000387240096338,2.080308661340878e-05
256,0.05,0.05078125,13,latent,0.15,correlated,0.05433092948717949,0.0005853403747844803,50,4.192969997671014e-05,2.7432637757537094e-06,1.0000419278237134,2.7429681219638758e-06,1.0005028866894699,3.2876710758039455e-05
256,0.05,0.05078125,13,latent,0.15,uncorrelated,0.05017628205128204,0.0006140441081173471,50,3.1071413608178314e-05,1.8452080171589488e-06,1.0000310703656812,1.8449834698761482e-06,1.0003727063080685,2.211027674893957e-05
256,0.05,0.05078125,13,latent,0.25,correlated,0.07025641025641026,0.0013008599544069887,50,9.893079792720255e-05,7.675751633574283e-06,1.000098920276269,7.673450085198858e-06,1.0011856615941783,9.178066791328188e-05
256,0.05,0.05078125,13,latent,0.25,uncorrelated,0.049419070512820504,0.0005431921529760074,50,3.2001161489294065e-05,2.134772002229761e-06,1.0000320000465666,2.1346015148194104e-06,1.0003838536140657,2.5592768988422986e-05
256,0.05,0.05078125,13,latent,0.35,correlated,0.12413461538461538,0.0017672602534342494,50,0.0004884145601821045,2.7003258717961577e-05,1.0004882322776374,2.6980908581266744e-05,1.0058350226030384,0.00032087909150750404
256,0.05,0.05078125,13,latent,0.35,uncorrelated,0.050264423076923075,0.0005842915151322183,50,3.143608397041572e-05,1.8606448842819616e-06,1.0000314349755848,1.860466333474375e-06,1.0003770736415052,2.230209408237622e-05
256,0.05,0.05078125,13,latent,0.45,correlated,0.2039142628205128,0.0023409681113633835,50,0.0023847421329721554,0.00010031933075296018,1.0023810252271688,0.00010000483550780457,1.0281031338573776,0.0011612064182270434
256,0.05,0.05078125,13,latent,0.45,uncorrelated,0.04984775641025641,0.000668917494808836,50,2.8610099496372206e-05,1.5347302246358647e-06,1.0000286092820594,1.5346290467892016e-06,1.0003432036085282,1.8402216721483954e-05
256,0.05,0.05078125,13,mixture,0.15,correlated,0.05042467948717948,0.0006650296230966935,50,3.425145746458463e-05,1.8641357019709379e-06,1.000034250236153,1.8639903526548867e-06,1.0004108418505153,2.2348739943854978e-05
256,0.05,0.05078125,13,mixture,0.15,uncorrelated,0.05017628205128205,0.0006292987639141234,50,3.1348363841200134e-05,1.5837495904138051e-06,1.000031347384501,1.5836432300333996e-06,1.0003760395008061,1.8989706629123485e-05
256,0.05,0.05078125,13,mixture,0.25,correlated,0.05651442307692309,0.000631361943554569,50,5.1524472989924974e-05,2.6366650325252886e-06,1.0000515218744148,2.636407000076816e-06,1.0006179201040224,3.160291160918202e-05
256,0.05,0.05078125,13,mixture,0.25,uncorrelated,0.048317307692307694,0.0005332947026234503,50,2.900029320268832e-05,1.519354252027172e-06,1.0000289993768043,1.5192204489237617e-06,1.000347871731892,1.821302728365827e-05
256,0.05,0.05078125,13,mixture,0.35,correlated,0.07484775641025641,0.0012117187603777394,50,0.00019474801165910054,1.3035625335555464e-05,1.000194704665485,1.3029444661875766e-05,1.0023307834451822,0.00015554742988196644
256,0.05,0.05078125,13,mixture,0.35,uncorrelated,0.04995592948717948,0.0006648781385425367,50,2.974191231922633e-05,1.6326634387516858e-06,1.0000297410615264,1.6325496453158798e-06,1.0003567805634723,1.9575604018145787e-05
256,0.05,0.05078125,13,mixture,0.45,correlated,0.09771634615384615,0.0014248730023869993,50,0.0007533445207834264,3.794866462558219e-05,1.000752860218148,3.790139782050905e-05,1.0089717288819915,0.00044876670394186245
256,0.05,0.05078125,13,mixture,0.45,uncorrelated,0.05060096153846153,0.0005796805467854099,50,3.19134798684431e-05,2.083403664681701e-06,1.0000319124092287,2.0832261839335845e-06,1.0003828077815071,2.4975340609627733e-05
256,0.1,0.1015625,26,block,0.15,correlated,0.05283365384615385,0.0003846654451330227,50,3.817963874841038e-05,1.2934647217422016e-06,1.0000381785165589,1.2933792217280442e-06,1.0009537910264017,3.228335652324589e-05
256,0.1,0.1015625,26,block,0.15,uncorrelated,0.04987788461538461,0.0002648703224919475,50,3.0173003911217583e-05,9.98744954675335e-07,1.0000301722767175,9.986826348957684e-07,1.0007538714290534,2.4929795663928218e-05
256,0.1,0.1015625,26,block,0.25,correlated,0.07314086538461538,0.0007566037093445298,50,0.0001077493375791116,3.824414040652178e-06,1.0001077403793261,3.823787643843116e-06,1.0026881653937894,9.522195265350792e-05
256,0.1,0.1015625,26,block,0.25,uncorrelated,0.04968605769230769,0.00032497472249195755,50,3.120933308749593e-05,9.812390623969707e-07,1.0000312085528804,9.811843582774804e-07,1.0007797465885229,2.4496881283433488e-05
256,0.1,0.1015625,26,block,0.35,correlated,0.12545,0.001239900032210021,50,0.0005130663978166681,1.6710629708403525e-05,1.0005128828756142,1.669797423513772e-05,1.012714489454881,0.00041012821087537543
256,0.1,0.1015625,26,block,0.35,uncorrelated,0.04995528846153846,0.00028058400059990203,50,3.2269054015837104e-05,1.0164516035633504e-06,1.0000322682272795,1.0163855895124734e-06,1.000806210625536,2.5370181889260983e-05
256,0.1,0.1015625,26,block,0.45,correlated,0.2025153846153846,0.0016483433149972499,50,0.0022987880225431045,6.537259619761252e-05,1.002295552622939,6.519485972827265e-05,1.0555924935389258,0.0015344204596163342
256,0.1,0.1015625,26,block,0.45,uncorrelated,0.04940817307692308,0.00030583621548651744,50,3.160118773659539e-05,9.186100499828978e-07,1.000031600418869,9.185607034554646e-07,1.0007895499501276,2.293448844567889e-05
256,0.1,0.1015625,26,latent,0.15,correlated,0.05286057692307693,0.0003205549259365781,50,3.770207464584627e-05,8.966843382696455e-07,1.0000377009533978,8.966056340217824e-07,1.0009418526327976,2.2368156817612827e-05
256,0.1,0.1015625,26,latent,0.15,uncorrelated,0.04973894230769231,0.0002982383042271061,50,3.1081960202067254e-05,8.245785439056457e-07,1.000031081216579,8.245352577834038e-07,1.0007765850224088,2.0587482157384102e-05
256,0.1,0.1015625,26,latent,0.25,correlated,0.0736860576923077,0.0006823901570343767,50,0.00010983023934026853,4.192637834898482e-06,1.0001098210132924,4.191806809984064e-06,1.0027400222350717,0.00010430162842100004
256,0.1,0.1015625,26,latent,0.25,uncorrelated,0.04948701923076924,0.00022975888562006518,50,3.024808159029072e-05,8.193803861584091e-07,1.000030247358724,8.193314297111412e-07,1.0007557510536007,2.045400709563333e-05
256,0.1,0.1015625,26,latent,0.35,correlated,0.12469134615384615,0.001121469902283629,50,0.0004970198324239197,1.692823432970171e-05,1.000496851112852,1.691430585265361e-05,1.012322195758972,0.00041481467021410774
256,0.1,0.1015625,26,latent,0.35,uncorrelated,0.04974471153846153,0.0003097907328503298,50,2.999368054631355e-05,8.463807237735771e-07,1.000029992992893,8.463377855779702e-07,1.0007494129222672,2.1132749448057704e-05
256,0.1,0.1015625,26,latent,0.45,correlated,0.20100961538461537,0.001388315008771164,50,0.0022662233747005587,5.380802010000332e-05,1.0022630563719455,5.3660449568477326e-05,1.054818494783666,0.001262568536690308
256,0.1,0.1015625,26,latent,0.45,uncorrelated,0.04968124999999999,0.0002655310826708014,50,2.981552375380771e-05,7.431978421761434e-07,1.0000298148555855,7.431532201428226e-07,1.000744971175385,1.8552148123970637e-05
256,0.1,0.1015625,26,mixture,0.15,correlated,0.05077163461538462,0.0003074286991994639,50,3.40826903206607e-05,1.1120474138922857e-06,1.0000340817160516,1.1119523567580694e-06,1.0008514597914315,2.774206643395589e-05
256,0.1,0.1015625,26,mixture,0.15,uncorrelated,0.04972211538461539,0.0002693044864317508,50,2.9976373269896196e-05,8.755039638484099e-07,1.0000299756900595,8.754588157543131e-07,1.0007489829999319,2.1859451091501794e-05
256,0.1,0.1015625,26,mixture,0.25,correlated,0.05709278846153846,0.00040825796342979046,50,5.467989359676752e-05,1.9370787590666295e-06,1.0000546773188397,1.9368627051264097e-06,1.0013653937965736,4.8292744088635337e-05
256,0.1,0.1015625,26,mixture,0.25,uncorrelated,0.04944326923076923,0.0002982615142217269,50,2.869761768772366e-05,9.26383599803984e-07,1.0000286969730496,9.26332730151822e-07,1.0007170382388102,2.3127899020414537e-05
256,0.1,0.1015625,26,mixture,0.35,correlated,0.07493269230769231,0.0007065849148396816,50,0.0001804532104885695,7.039936188975365e-06,1.0001804274026855,7.037715897007206e-06,1.0044953572718207,0.00017463337484540075
256,0.1,0.1015625,26,mixture,0.35,uncorrelated,0.049435096153846156,0.00027403609469081716,50,3.095099171361607e-05,9.176657111390203e-07,1.0000309502386215,9.176071422297864e-07,1.0007733049762015,2.290516609152956e-05
256,0.1,0.1015625,26,mixture,0.45,correlated,0.10127932692307691,0.0009969202330831692,50,0.0008066648734861592,2.7044495372126752e-05,1.000806203418184,2.701080236961416e-05,1.0198881480940838,0.0006561716419334811
256,0.1,0.1015625,26,mixture,0.45,uncorrelated,0.04932211538461538,0.0002613980672330881,50,2.9723748077662438e-05,8.786842283119068e-07,1.000029723062082,8.786321783628938e-07,1.000742665672313,2.1934675562304696e-05
256,0.15,0.1484375,38,block,0.15,correlated,0.05314389224751067,0.0002910453390422706,50,3.709267279110972e-05,8.465899639087413e-07,1.000037091721072,8.465374019553925e-07,1.00137112927813,3.12522109483637e-05
256,0.15,0.1484375,38,block,0.15,uncorrelated,0.04996732752489332,0.00023623456637139495,50,3.059334549816844e-05,6.437119466540543e-07,1.000030592716491,6.436835596371741e-07,1.0011310943365184,2.3778596351478892e-05
256,0.15,0.1484375,38,block,0.25,correlated,0.07254956436699858,0.0005164102708498508,50,0.000104727677483131,2.630352111163834e-06,1.0001047198309005,2.6299096541238338e-06,1.0038642587291031,9.67247340409752e-05
256,0.15,0.1484375,38,block,0.25,uncorrelated,0.04990553876244666,0.00021070897926231202,50,3.064853878674933e-05,6.31517020424888e-07,1.0000306478792254,6.314790089921874e-07,1.0011330950362995,2.331434273613262e-05
256,0.15,0.1484375,38,block,0.35,correlated,0.12272315078236129,0.0008493554848834505,50,0.00048015607683067786,1.0103509118524086e-05,1.0004800033696182,1.0097239682754404e-05,1.0175624751022878,0.0003655856021208308
256,0.15,0.1484375,38,block,0.35,uncorrelated,0.049863753556187766,0.00020998457228070763,50,3.0268067242882566e-05,6.09246563529084e-07,1.0000302674359398,6.09215480488749e-07,1.0011190560498682,2.2499738201635093e-05
256,0.15,0.1484375,38,block,0.45,correlated,0.20293830014224754,0.0012097787089933546,50,0.0023724456935365974,4.826218399850815e-05,1.0023689877701696,4.812360231688847e-05,1.083549004250198,0.0016246714160742604
256,0.15,0.1484375,38,block,0.45,uncorrelated,0.049707725817923175,0.0001841252999564787,50,2.9908244634579493e-05,6.123453496349156e-07,1.000029907636045,6.123138586588392e-07,1.0011057735582185,2.2613841226588854e-05
256,0.15,0.1484375,38,latent,0.15,correlated,0.05276982574679944,0.00020318844259643547,50,3.784696394229323e-05,6.921911691724933e-07,1.0000378459531767,6.921476111262882e-07,1.0013989575651054,2.555171127221072e-05
256,0.15,0.1484375,38,latent,0.15,uncorrelated,0.049820190256045525,0.00021334893707449643,50,2.9516280167950234e-05,5.785374460265859e-07,1.0000295156789205,5.785004065214569e-07,1.0010912811191974,2.135550366620201e-05
256,0.15,0.1484375,38,latent,0.25,correlated,0.0738269025604552,0.0005393427250172349,50,0.00010966317032977251,2.5504684207312975e-06,1.0001096546029549,2.5500434245046344e-06,1.0040458947109698,9.379219520672534e-05
256,0.15,0.1484375,38,latent,0.25,uncorrelated,0.04967216394025604,0.0001900260910748794,50,2.9872255708460694e-05,6.00131246881872e-07,1.0000298716646188,6.001035244533404e-07,1.0011044657809784,2.216703052233581e-05
256,0.15,0.1484375,38,latent,0.35,correlated,0.12247443990042677,0.0008200336147584273,50,0.00046758166967305356,1.0657961690743097e-05,1.0004674378353744,1.0650762226325034e-05,1.0171089638865785,0.0003849197790094101
256,0.15,0.1484375,38,latent,0.35,uncorrelated,0.04964215860597441,0.00016811485761922886,50,3.0373392152966118e-05,5.445832086337476e-07,1.0000303727593414,5.445531513623862e-07,1.0011229510285222,2.0108608984819706e-05
256,0.15,0.1484375,38,latent,0.45,correlated,0.20150537873399713,0.0013460065151036326,50,0.0022993879403371566,5.531584927002166e-05,1.0022961263678662,5.515915270035371e-05,1.0810783833023094,0.0018638071899400174
256,0.15,0.1484375,38,latent,0.45,uncorrelated,0.049969327880512095,0.00022136251422732734,50,3.0207839418365736e-05,5.119901690677247e-07,1.000030207219691,5.119629617369131e-07,1.0011168433481736,1.8906530146415972e-05
256,0.15,0.1484375,38,mixture,0.15,correlated,0.05119243421052632,0.00020111779825276893,50,3.456971241040485e-05,6.551412426670775e-07,1.0000345688665682,6.551036929927825e-07,1.0012779242596062,2.4189035692960416e-05
256,0.15,0.1484375,38,mixture,0.15,uncorrelated,0.049859530583214795,0.00023960235849475014,50,3.081377032707904e-05,6.54009081833208e-07,1.0000308131088367,6.539773230608539e-07,1.0011392058902084,2.4155016096394683e-05
256,0.15,0.1484375,38,mixture,0.25,correlated,0.05754867532005689,0.00032743495291116635,50,5.5815915075918665e-05,1.2801395208628219e-06,1.0000558136849533,1.2800230275179727e-06,1.0020621479831051,4.7206894572649676e-05
256,0.15,0.1484375,38,mixture,0.25,uncorrelated,0.0498097439544808,0.00021888787784078638,50,2.9706172848431206e-05,5.72332051717492e-07,1.000029705569229,5.723073645755757e-07,1.0010983036856862,2.1142590592867422e-05
256,0.15,0.1484375,38,mixture,0.35,correlated,0.07410917496443811,0.00034622560922031653,50,0.0001761425716573202,4.326177602047758e-06,1.0001761199584427,4.324781400795799e-06,1.0064867116280984,0.000158205615574206
256,0.15,0.1484375,38,mixture,0.35,uncorrelated,0.049784183854907536,0.0001972245078478038,50,3.07131619631264e-05,6.075862347356214e-07,1.0000307125234478,6.075525237281261e-07,1.0011355146159442,2.243472481335745e-05
256,0.15,0.1484375,38,mixture,0.45,correlated,0.09942211948790898,0.0005441424972688219,50,0.000752580139369815,1.4694075848876349e-05,1.000752207616449,1.4678993975191697e-05,1.0273568705057172,0.0005243704433465221
256,0.15,0.1484375,38,mixture,0.45,uncorrelated,0.04994554587482218,0.00018725475497556016,50,3.057035730270199e-05,4.966828643813582e-07,1.000030569724985,4.966601170190302e-07,1.0011302393006904,1.8346231282040137e-05
256,0.2,0.19921875,51,block,0.15,correlated,0.052773284313725494,0.0002162307627010361,50,3.826537104413084e-05,6.220834658659922e-07,1.0000382644285755,6.220493316045999e-07,1.0019109195644784,3.101928148793839e-05
256,0.2,0.19921875,51,block,0.15,uncorrelated,0.04963946078431372,0.00016171054257721284,50,3.074941905828075e-05,4.487879567157378e-07,1.000030748802626,4.4876780149174543e-07,1.0015359339127572,2.2389235312064974e-05
256,0.2,0.19921875,51,block,0.25,correlated,0.07335955882352942,0.0005006041672360288,50,0.00010741535412944494,2.376704113981362e-06,1.0001074074252159,2.3763296180929586e-06,1.005351131098147,0.00011791266440586635
256,0.2,0.19921875,51,block,0.25,uncorrelated,0.04950196078431372,0.0001458398526021046,50,3.01983135021598e-05,4.885212088004157e-07,1.0000301977341666,4.88498873340573e-07,1.001508470816753,2.4370455525673414e-05
256,0.2,0.19921875,51,block,0.35,correlated,0.12289362745098038,0.0007046909094546415,50,0.00047818395180303957,8.791700623178125e-06,1.0004780358235854,8.786087650878968e-06,1.023552141138806,0.0004263197839052573
256,0.2,0.19921875,51,block,0.35,uncorrelated,0.04992230392156863,0.00015068541225612543,50,3.0797449816624076e-05,3.9534673715295813e-07,1.000030796841735,3.953285397158551e-07,1.0015383560457263,1.972204249147309e-05
256,0.2,0.19921875,51,block,0.45,correlated,0.2022046568627451,0.000877448832183876,50,0.002307036876960031,3.413025331505687e-05,1.0023038369094066,3.403671133455659e-05,1.1083985519595374,0.0015157868983080396
256,0.2,0.19921875,51,block,0.45,uncorrelated,0.04973259803921568,0.00014492613301834788,50,3.1060652694853417e-05,4.937599654232917e-07,1.0000310600309732,4.937367995361656e-07,1.001551482261239,2.463034061206338e-05
256,0.2,0.19921875,51,latent,0.15,correlated,0.05319191176470588,0.00019499161398671327,50,3.862318791415067e-05,5.913412594615037e-07,1.0000386222047943,5.913050940701504e-07,1.0019287097617189,2.9477262554545134e-05
256,0.2,0.19921875,51,latent,0.15,uncorrelated,0.04983995098039215,0.0001776888892034121,50,3.045878282108691e-05,4.706236737825098e-07,1.0000304581943325,4.706023677286488e-07,1.0015214714568472,2.3478139207002233e-05
256,0.2,0.19921875,51,latent,0.25,correlated,0.07257328431372549,0.00043518979117857545,50,0.00010546384368097488,2.1114016642652665e-06,1.0001054562678124,2.1110821479037026e-06,1.0052544239088619,0.00010478252931471779
256,0.2,0.19921875,51,latent,0.25,uncorrelated,0.049795833333333345,0.00016270575902687076,50,3.060698739078484e-05,5.124791342715417e-07,1.0000306063792466,5.124548443194729e-07,1.001528832911192,2.556350802106894e-05
256,0.2,0.19921875,51,latent,0.35,correlated,0.12350171568627452,0.0007989925881430072,50,0.00048028710606214803,9.470093731220941e-06,1.0004801386530475,9.464359406432913e-06,1.0236562431995981,0.0004598812573724109
256,0.2,0.19921875,51,latent,0.35,uncorrelated,0.04987867647058822,0.0001349621874610392,50,3.058170523591982e-05,3.4159114427899714e-07,1.0000305811077022,3.4157618099530075e-07,1.0015275950769942,1.704231154857589e-05
256,0.2,0.19921875,51,latent,0.45,correlated,0.20227450980392156,0.0011098117559468221,50,0.002311959591098069,4.469299063646187e-05,1.002308734118739,4.4565998916647e-05,1.1085984761411083,0.001977536162958476
256,0.2,0.19921875,51,latent,0.45,uncorrelated,0.04983529411764707,0.0001390563765053919,50,3.0152454914587905e-05,4.081124278123337e-07,1.000030151886259,4.080965983398453e-07,1.0015062043567762,2.036618283978021e-05
256,0.2,0.19921875,51,mixture,0.15,correlated,0.051054166666666664,0.00018825311615831733,50,3.415920394493822e-05,6.619668495773054e-07,1.0000341584374741,6.619303473853006e-07,1.001706049636335,3.30075614290362e-05
256,0.2,0.19921875,51,mixture,0.15,uncorrelated,0.04969166666666667,0.00013063713759419696,50,3.095726886246617e-05,5.276369346890431e-07,1.0000309566538035,5.27613415195581e-07,1.00154632963429,2.6323290082856673e-05
256,0.2,0.19921875,51,mixture,0.25,correlated,0.05736960784313726,0.00020261427285965357,50,5.5195737664058325e-05,9.875085327403209e-07,1.0000551937127224,9.874300539233347e-07,1.0027547478933594,4.918066980146287e-05
256,0.2,0.19921875,51,mixture,0.25,uncorrelated,0.04986715686274509,0.00014019004441943698,50,3.0362349440449e-05,3.534501521520272e-07,1.0000303617715787,3.534347809762744e-07,1.0015166761576466,1.7634230667956274e-05
256,0.2,0.19921875,51,mixture,0.35,correlated,0.07400882352941177,0.00034053863671516994,50,0.00017822655725833198,4.040257772245235e-06,1.000178204538207,4.039153880345942e-06,1.0088571438461866,0.0001993237122905891
256,0.2,0.19921875,51,mixture,0.35,uncorrelated,0.04972426470588236,0.00015979367557747906,50,3.1157125181868215e-05,5.16915869796021e-07,1.0000311564938502,5.168928175990966e-07,1.0015562819689983,2.5788390665786394e-05
256,0.2,0.19921875,51,mixture,0.45,correlated,0.1008622549019608,0.0005614606625778922,50,0.0008027425185496152,1.6068990714793012e-05,1.0008023228973615,1.6051257587740074e-05,1.0391496855368747,0.0007632049599076261
256,0.2,0.19921875,51,mixture,0.45,uncorrelated,0.04957720588235295,0.00014378536678843538,50,2.9904215054918545e-05,4.268849982538842e-07,1.0000299036673796,4.268669127515412e-07,1.0014938445364536,2.1299205850928223e-05
256,0.3,0.30078125,77,block,0.15,correlated,0.05317338089542037,0.0001315939357849818,50,3.978102268120167e-05,4.0814127746131143e-07,1.0000397800530478,4.081185356840504e-07,1.0030177819561843,3.0888368781295824e-05
256,0.3,0.30078125,77,block,0.15,uncorrelated,0.04983029306220096,8.818060120576728e-05,50,3.048566864210503e-05,2.0707344416771293e-07,1.000030485121532,2.0706453715391083e-07,1.0023137607396304,1.5686433709360555e-05
256,0.3,0.30078125,77,block,0.25,correlated,0.07271648581681477,0.000406352395795041,50,0.00010609170192170357,1.9186613185683058e-06,1.0001060843244844,1.918374486007085e-06,1.0080209111038412,0.00014419559373897933
256,0.3,0.30078125,77,block,0.25,uncorrelated,0.04969081083390294,0.00010129757962399884,50,3.0855234404543785e-05,3.0701078115645977e-07,1.0000308546699088,3.0699798146084576e-07,1.0023417478015695,2.325929064682923e-05
256,0.3,0.30078125,77,block,0.35,correlated,0.12305333646616542,0.0007741704538557761,50,0.00047858249912481414,9.199733645967591e-06,1.000478435782534,9.193937853321414e-06,1.035569398483907,0.0006684013451783446
256,0.3,0.30078125,77,block,0.35,uncorrelated,0.04966710099111415,0.00011545592603262115,50,3.0466477345816838e-05,3.2615473090329377e-07,1.0000304659253052,3.261411414912704e-07,1.0023122739993486,2.4709705739391596e-05
256,0.3,0.30078125,77,block,0.45,correlated,0.2014241925837321,0.0008063808098247263,50,0.0022645602782477682,3.107888294085526e-05,1.002261508071724,3.099554587205741e-05,1.157632749436474,0.0019993498647021186
256,0.3,0.30078125,77,block,0.45,uncorrelated,0.049724239576213254,8.16067503251991e-05,50,3.0347262986076783e-05,2.5279432614485116e-07,1.0000303467224263,2.527839595111649e-07,1.0023032794866285,1.91528106771827e-05
256,0.3,0.30078125,77,latent,0.15,correlated,0.053063162166780586,0.00015549251565419566,50,3.8907054211003286e-05,4.7366160164855455e-07,1.000038906135792,4.7363645816941386e-07,1.0029516540244594,3.585409187860222e-05
256,0.3,0.30078125,77,latent,0.15,uncorrelated,0.04986265379357485,9.076980519016851e-05,50,3.0670424166066186e-05,3.03447559528397e-07,1.0000306698705312,3.0343550351431614e-07,1.0023277646327313,2.2992761610004754e-05
256,0.3,0.30078125,77,latent,0.25,correlated,0.07309093045112784,0.00034261950132929894,50,0.00010812438783386985,1.8579479165287703e-06,1.0001081167271955,1.8576595667491675e-06,1.0081737904918133,0.00013957419151874035
256,0.3,0.30078125,77,latent,0.25,uncorrelated,0.04976920283663706,9.661117559301391e-05,50,3.06161413604986e-05,2.8366138549364517e-07,1.0000306155884935,2.8365007724868304e-07,1.0023236435831777,2.149329653698562e-05
256,0.3,0.30078125,77,latent,0.35,correlated,0.12310385338345864,0.0006574328191775325,50,0.0004787765835251565,8.139442980575327e-06,1.0004786292735444,8.134294274979188e-06,1.0355811012799998,0.000591232791654592
256,0.3,0.30078125,77,latent,0.35,uncorrelated,0.050006408065618596,9.734682920167782e-05,50,3.1182445382635185e-05,3.13574019346081e-07,1.00003118186583,3.135605380158444e-07,1.0023665295182171,2.375422627439275e-05
256,0.3,0.30078125,77,latent,0.45,correlated,0.2020033749145591,0.0007640910065133269,50,0.002303408634971896,3.0725147006560965e-05,1.002300236954015,3.064149259431044e-05,1.160066380925561,0.001972177296460059
256,0.3,0.30078125,77,latent,0.45,uncorrelated,0.04990120898838003,9.536486281204199e-05,50,3.0667022473216704e-05,2.850015950048206e-07,1.0000306664650664,2.8499041231692555e-07,1.0023274845565404,2.1595868195185634e-05
256,0.3,0.30078125,77,mixture,0.15,correlated,0.05090065362269309,0.00010075872381197439,50,3.333294889456392e-05,3.083879622850062e-07,1.0000333322846693,3.0837394610815644e-07,1.0025294812849197,2.3357022982176743e-05
256,0.3,0.30078125,77,mixture,0.15,uncorrelated,0.049881877990430624,0.00010254605855882015,50,3.078371005910104e-05,3.3264914869882186e-07,1.0000307831508082,3.3263506184479754e-07,1.0023363421518228,2.5200429860915146e-05
256,0.3,0.30078125,77,mixture,0.25,correlated,0.05733029306220096,0.0001737330934189808,50,5.5186798910975396e-05,7.51516113619574e-07,1.0000551848745451,7.514589323948618e-07,1.0041831535289878,5.6788411472348496e-05
256,0.3,0.30078125,77,mixture,0.25,uncorrelated,0.04975040584415584,9.337133097867971e-05,50,3.0709004983279076e-05,2.772125944575836e-07,1.0000307084466502,2.772010963312014e-07,1.002330669830572,2.1002102243547972e-05
256,0.3,0.30078125,77,mixture,0.35,correlated,0.07500288362952838,0.00024300924457053914,50,0.0001872588155371915,3.1361511228254095e-06,1.00018723560713,3.1353049128272826e-06,1.0141006802750945,0.00023363995735329045
256,0.3,0.30078125,77,mixture,0.35,uncorrelated,0.049692733253588514,9.706132129298836e-05,50,3.05875110915461e-05,2.8517262917922403e-07,1.000030586959367,2.851614205478643e-07,1.0023214741772977,2.1608713270366335e-05
256,0.3,0.30078125,77,mixture,0.45,correlated,0.09995535714285714,0.0003368994390440091,50,0.0007727554404891823,1.1646664395126512e-05,1.0007723838432034,1.1635163063611943e-05,1.0567492153303994,0.0008263223895489786
256,0.3,0.30078125,77,mixture,0.45,uncorrelated,0.04990323820915926,9.944936943314402e-05,50,3.0263229752450753e-05,2.804530467933822e-07,1.0000302626976063,2.804425890441032e-07,1.0022969411714682,2.125432551832334e-05
512,0.05,0.05078125,26,block,0.15,correlated,0.03955552884615385,0.00024497108338520106,50,1.1402236013120246e-05,3.055789379757839e-07,1.000011402136883,3.0557315917826547e-07,1.0002849939810752,7.63586516950929e-06
512,0.05,0.05078125,26,block,0.15,uncorrelated,0.03513653846153846,0.00018975840465158204,50,7.866937391453578e-06,2.345649886528876e-07,1.000007866888336,2.3456160417119438e-07,1.0001966427888447,5.862010892735127e-06
512,0.05,0.05078125,26,block,0.25,correlated,0.06517139423076923,0.0005393740133277143,50,5.1654457485222547e-05,1.4784637381333008e-06,1.000051652577753,1.4783557289564177e-06,1.0012901892860793,3.689432802267725e-05
512,0.05,0.05078125,26,block,0.25,uncorrelated,0.03536466346153846,0.0002103848509215862,50,7.5022990827703155e-06,1.8437643647541474e-07,1.0000075022561108,1.843739930383113e-07,1.0001875306308798,4.607884955729985e-06
512,0.05,0.05078125,26,block,0.35,correlated,0.12238269230769232,0.0009045987751099283,50,0.00034376205189434907,8.725032914443181e-06,1.0003436895166127,8.721405072858557e-06,1.0085492524784325,0.00021589819462327343
512,0.05,0.05078125,26,block,0.35,uncorrelated,0.03524903846153846,0.00022921381475524724,50,7.902310115200792e-06,2.2297018598234233e-07,1.0000079022607082,2.2296665896992635e-07,1.0001975268879735,5.572052294516284e-06
512,0.05,0.05078125,26,block,0.45,correlated,0.20196298076923078,0.0009085050010780117,50,0.0019780595365358733,3.470234384096417e-05,1.0019758625459207,3.4623147918293666e-05,1.0481537490697335,0.0008221027939151281
512,0.05,0.05078125,26,block,0.45,uncorrelated,0.0354375,0.00020927215834699045,50,8.094624061746868e-06,2.4637806821618535e-07,1.0000080945732488,2.4637432277193893e-07,1.0002023338573012,6.157112486365751e-06
512,0.05,0.05078125,26,latent,0.15,correlated,0.03916274038461538,0.00030907196460844266,50,1.1597883146518908e-05,3.636161908674826e-07,1.0000115977712456,3.636075819292909e-07,1.0002898771939746,9.085031789927567e-06
512,0.05,0.05078125,26,latent,0.15,uncorrelated,0.035109375000000005,0.0002499885017469619,50,7.901799922971718e-06,2.4681986321312203e-07,1.0000079017503452,2.4681622288007696e-07,1.0001975140260901,6.168223053222799e-06
512,0.05,0.05078125,26,latent,0.25,correlated,0.06580745192307692,0.0005530795005393647,50,5.425622442114314e-05,1.5041400472314332e-06,1.000054254178879,1.5040214878133918e-06,1.0013551301789894,3.752968827426718e-05
512,0.05,0.05078125,26,latent,0.25,uncorrelated,0.0352625,0.0002519528938608407,50,7.536322470409017e-06,2.4092622690880245e-07,1.0000075362797707,2.4092326223926975e-07,1.0001883813853525,6.021304036964543e-06
512,0.05,0.05078125,26,latent,0.35,correlated,0.12237379807692308,0.0007639653922752045,50,0.00034532626428698197,8.40333018650255e-06,1.000345252630499,8.399586234512119e-06,1.0085876956117743,0.00020778764098033307
512,0.05,0.05078125,26,latent,0.35,uncorrelated,0.03534086538461538,0.0001965515349392372,50,7.6032297602765485e-06,2.1369860047984522e-07,1.000007603185533,2.1369548554779743e-07,1.0001900531135575,5.340519671314375e-06
512,0.05,0.05078125,26,latent,0.45,correlated,0.201890625,0.001083101904978252,50,0.0019740527724815505,3.97803604835675e-05,1.0019718563852873,3.968915976648306e-05,1.0480542599637366,0.0009422738032579551
512,0.05,0.05078125,26,latent,0.45,uncorrelated,0.03517572115384616,0.0002132242178803914,50,7.596992452065215e-06,2.2535453722399358e-07,1.0000075969465894,2.2535120676894003e-07,1.0001898961598799,5.631783403042044e-06
512,0.05,0.05078125,26,mixture,0.15,correlated,0.036497115384615385,0.0001984905438360524,50,8.790861816189766e-06,2.3716613514494135e-07,1.0000087907998219,2.3716161740339833e-07,1.0002197328193707,5.926332610074693e-06
512,0.05,0.05078125,26,mixture,0.15,uncorrelated,0.03523197115384615,0.0001490270867500606,50,7.643239006399884e-06,2.0087751281901422e-07,1.000007643193123,2.0087451280659092e-07,1.0001910523107727,5.0200644327413785e-06
512,0.05,0.05078125,26,mixture,0.25,correlated,0.045226682692307694,0.00026507185688081513,50,2.2380345093638252e-05,7.214803710026712e-07,1.0000223799319534,7.214494004459578e-07,1.000559250756554,1.8017696655748897e-05
512,0.05,0.05078125,26,mixture,0.25,uncorrelated,0.035270432692307695,0.00023580714579871437,50,7.564993219623093e-06,1.972250659559376e-07,1.0000075649469848,1.972219923503545e-07,1.00018909594759,4.928707355922446e-06
512,0.05,0.05078125,26,mixture,0.35,correlated,0.06460120192307692,0.0004939120095996238,50,0.00012202602819138168,3.356653828393877e-06,1.0001220156266506,3.3560557178140018e-06,1.0030441839122393,8.354559111504587e-05
512,0.05,0.05078125,26,mixture,0.35,uncorrelated,0.035229326923076926,0.0002203648003357744,50,7.696674640899237e-06,2.454284060701918e-07,1.0000076966288924,2.454249133991743e-07,1.0001923882851116,6.133528734557616e-06
512,0.05,0.05078125,26,mixture,0.45,correlated,0.09187283653846152,0.0007705438448584142,50,0.000674509680181862,1.8988297012999643e-05,1.0006742172286822,1.897064665363921e-05,1.016684428064333,0.0004640855066312233
512,0.05,0.05078125,26,mixture,0.45,uncorrelated,0.035392307692307695,0.00022931224632069568,50,7.874309999280468e-06,2.093424631855555e-07,1.0000078742631977,2.0933974373201311e-07,1.0001968285104992,5.231862940195498e-06
512,0.1,0.099609375,51,block,0.15,correlated,0.03965563725490196,0.00018754633634075437,50,1.1864178242487649e-05,2.3302240861921261e-07,1.0000118640867448,2.330184241857155e-07,1.0005929803856342,1.1641175230389795e-05
512,0.1,0.099609375,51,block,0.15,uncorrelated,0.03517843137254902,0.00012538664515464472,50,7.575938812849214e-06,1.3021035913751242e-07,1.0000075759017915,1.3020898681498244e-07,1.0003787044447217,6.507090428553054e-06
512,0.1,0.099609375,51,block,0.25,correlated,0.06511593137254902,0.0003066800597590551,50,5.209604272371361e-05,7.166136716854167e-07,1.0000520943337912,7.165669769132548e-07,1.0026005463604708,3.5714648424394084e-05
512,0.1,0.099609375,51,block,0.25,uncorrelated,0.035233946078431375,9.647402075915192e-05,50,7.733784111376301e-06,1.3454047274698078e-07,1.00000773374408,1.3453867897101626e-07,1.0003865892053658,6.722547266949664e-06
512,0.1,0.099609375,51,block,0.35,correlated,0.12200575980392159,0.0005338745394020803,50,0.00034410750732873134,4.980825799723437e-06,1.0003440368584513,4.978744675075659e-06,1.0170327666364465,0.0002440186225459601
512,0.1,0.099609375,51,block,0.35,uncorrelated,0.03532536764705882,9.640069382203892e-05,50,7.828319339381934e-06,1.0784913963766208e-07,1.0000078282796871,1.0784791410962608e-07,1.0003913169005485,5.389396457354001e-06
512,0.1,0.099609375,51,block,0.45,correlated,0.20318578431372547,0.0006434779278846514,50,0.0020189441881365866,2.3974734003152486e-05,1.00201667419442,2.3920682448197886e-05,1.0958669809686155,0.0010840341148008685
512,0.1,0.099609375,51,block,0.45,uncorrelated,0.03535404411764706,9.180921483251789e-05,50,7.580549101032325e-06,1.2593693076383635e-07,1.0000075805121256,1.259353395276983e-07,1.0003789350746324,6.2928734729637454e-06
512,0.1,0.099609375,51,latent,0.15,correlated,0.039893382352941174,0.00015572230506297262,50,1.1837973990555596e-05,1.785250503719289e-07,1.000011837883359,1.7852185729652805e-07,1.0005916723343526,8.918282445259484e-06
512,0.1,0.099609375,51,latent,0.15,uncorrelated,0.03518174019607843,9.18930236328715e-05,50,7.655727080485507e-06,9.306772831240209e-08,1.0000076556900936,9.306669735255308e-08,1.0003826939419098,4.650811696577009e-06
512,0.1,0.099609375,51,latent,0.25,correlated,0.06553774509803921,0.00035413164054429354,50,5.309100228980221e-05,9.532921160485611e-07,1.0000530891684434,9.532188784910695e-07,1.0026499850088406,4.748281473561166e-05
512,0.1,0.099609375,51,latent,0.25,uncorrelated,0.03517156862745098,0.00010258819820932286,50,7.382613357725808e-06,1.0811538630662766e-07,1.0000073825789786,1.081141771051819e-07,1.000369044769634,5.4027494017841136e-06
512,0.1,0.099609375,51,latent,0.35,correlated,0.12271531862745098,0.0006089776388393357,50,0.0003503445379356823,5.7819339823472745e-06,1.0003502714940433,5.779576012741119e-06,1.0173388107418844,0.0002833994677979809
512,0.1,0.099609375,51,latent,0.35,uncorrelated,0.03503774509803922,0.00011382680565359629,50,7.772902560055264e-06,1.3110579243865705e-07,1.0000077728638859,1.3110424880869285e-07,1.000388548503543,6.5514347775888945e-06
512,0.1,0.099609375,51,latent,0.45,correlated,0.20136776960784314,0.0006863800861042743,50,0.001950981621354385,2.479578810024047e-05,1.0019488663397877,2.4741506024686487e-05,1.092796769666728,0.0011240620560304618
512,0.1,0.099609375,51,latent,0.45,uncorrelated,0.03507242647058824,8.585104483059303e-05,50,7.494369523998847e-06,1.0507926655777508e-07,1.0000074943330746,1.0507797798387678e-07,1.0003746274115666,5.250746412623608e-06
512,0.1,0.099609375,51,mixture,0.15,correlated,0.03677242647058823,0.0001086315956661772,50,8.748944886056318e-06,1.366388035224415e-07,1.0000087488964413,1.3663712879648088e-07,1.0004373262157351,6.827758092681672e-06
512,0.1,0.099609375,51,mixture,0.15,uncorrelated,0.035303676470588234,0.00010438434403515276,50,7.672772112163968e-06,1.1177993351701363e-07,1.0000076727341503,1.1177866929615436e-07,1.0003835437620534,5.585839747291908e-06
512,0.1,0.099609375,51,mixture,0.25,correlated,0.04557438725490196,0.0001735125760007501,50,2.3545132855110054e-05,4.3350768741978635e-07,1.0000235447524501,4.3349280429835264e-07,1.0011763075776197,2.1638293241979586e-05
512,0.1,0.099609375,51,mixture,0.25,uncorrelated,0.035409558823529405,0.00011016306517612443,50,7.906125291996137e-06,1.3872118017642823e-07,1.000007906084752,1.3871938599830346e-07,1.0003952049821279,6.931579253240442e-06
512,0.1,0.099609375,51,mixture,0.35,correlated,0.06411568627450981,0.0003323986274035804,50,0.00011874506841170038,2.4635011297858187e-06,1.0001187358561086,2.463026565206717e-06,1.0059144412891248,0.00012200877006574116
512,0.1,0.099609375,51,mixture,0.35,uncorrelated,0.03531544117647059,9.942285925464583e-05,50,7.606665113678703e-06,1.2113720938669412e-07,1.0000076066285555,1.211357624330258e-07,1.0003802419152465,6.053247293563862e-06
512,0.1,0.099609375,51,mixture,0.45,correlated,0.0915497549019608,0.00033633776713325723,50,0.0006759468388843271,8.713115374127628e-06,1.0006756784173079,8.706176846176222e-06,1.0331545033748655,0.0004193976648930096
512,0.1,0.099609375,51,mixture,0.45,uncorrelated,0.03526041666666666,9.931367172978302e-05,50,7.822004631628406e-06,1.1638699883898771e-07,1.0000078219642041,1.1638547453710376e-07,1.0003909992318782,5.8155440728730185e-06
512,0.15,0.150390625,77,block,0.15,correlated,0.03957135381066302,8.697580857007682e-05,50,1.1806191802198701e-05,1.0723550266785642e-07,1.000011806106173,1.0723378476795796e-07,1.0008967766372827,8.139997757691763e-06
512,0.15,0.150390625,77,block,0.15,uncorrelated,0.03530352870813397,6.761399780651447e-05,50,7.61136445208495e-06,7.247065126259373e-08,1.0000076113300365,7.246989826772786e-08,1.0005782650756696,5.5034263726552605e-06
512,0.15,0.150390625,77,block,0.25,correlated,0.06526961936090225,0.0003512486014318918,50,5.2796269007697446e-05,8.648787729564573e-07,1.0000527945316682,8.64821787272264e-07,1.0040025412169153,6.54046333520491e-05
512,0.15,0.150390625,77,block,0.25,uncorrelated,0.03529872265892002,7.422514338657905e-05,50,7.739507721365193e-06,8.121307162384668e-08,1.0000077394721645,8.121222836699184e-08,1.0005879973793186,6.167329861011125e-06
512,0.15,0.150390625,77,block,0.35,correlated,0.1227898047676008,0.00048822100311484324,50,0.00035014969091312317,4.868247769350027e-06,1.0003500771810359,4.866177140886417e-06,1.0262069626748742,0.00035864800631817026
512,0.15,0.150390625,77,block,0.35,uncorrelated,0.035245802717019825,7.525968071522847e-05,50,7.626713494031429e-06,6.773724690524977e-08,1.0000076266788414,6.773655841199863e-08,1.0005794302382227,5.144059974074062e-06
512,0.15,0.150390625,77,block,0.45,correlated,0.20184867353041697,0.000708775240814669,50,0.0019721131889774467,2.417541726325168e-05,1.0019699501261514,2.412509180369587e-05,1.1392165416691078,0.0016043216523475273
512,0.15,0.150390625,77,block,0.45,uncorrelated,0.035243613294600136,7.279946516908013e-05,50,7.62856670225053e-06,7.517832043728608e-08,1.000007628532112,7.517745897864923e-08,1.0005795714427357,5.708585377471356e-06
512,0.15,0.150390625,77,latent,0.15,correlated,0.03954999359193438,0.00011368293028850579,50,1.1622896979245221e-05,1.1821043024710431e-07,1.0000116228149145,1.1820865732182144e-07,1.0008828667633585,8.973772739285818e-06
512,0.15,0.150390625,77,latent,0.15,uncorrelated,0.0351990238380041,5.607096285919002e-05,50,7.529072683646717e-06,7.479052167475209e-08,1.0000075290393737,7.478976674280277e-08,1.0005720172763006,5.67972507414368e-06
512,0.15,0.150390625,77,latent,0.25,correlated,0.06599570659603554,0.00035812705295416104,50,5.360698489561423e-05,8.499678912426496e-07,1.00005360522075,8.499140720892358e-07,1.0040640007318324,6.4289353567955e-05
512,0.15,0.150390625,77,latent,0.25,uncorrelated,0.03529829545454545,5.73211163240619e-05,50,7.618266255756286e-06,6.305573358899005e-08,1.0000076182321944,6.305513811961846e-08,1.0005787916529365,4.788800621072002e-06
512,0.15,0.150390625,77,latent,0.35,correlated,0.12209784048188652,0.0004124261968041764,50,0.0003442477340712522,3.958346924893016e-06,1.0003441776109676,3.956673271822263e-06,1.0257715044385314,0.0002916669054966169
512,0.15,0.150390625,77,latent,0.35,uncorrelated,0.03523293318523582,8.194487259706982e-05,50,7.606625557068436e-06,7.585123819350957e-08,1.0000076065915455,7.585052747046083e-08,1.0005779072464904,5.7605940574498544e-06
512,0.15,0.150390625,77,latent,0.45,correlated,0.20247890678400549,0.0005888574127521407,50,0.002000210307783851,2.1944546280387583e-05,1.0019979787918092,2.1896194448666463e-05,1.1410445720230806,0.001446124613074653
512,0.15,0.150390625,77,latent,0.45,uncorrelated,0.03521098556049214,7.04853883195701e-05,50,7.679693329358429e-06,7.170176728147807e-08,1.0000076796584028,7.170101421387745e-08,1.0005834551204273,5.4449909826033755e-06
512,0.15,0.150390625,77,mixture,0.15,correlated,0.0367768497949419,8.619908019107713e-05,50,8.935651836034456e-06,9.364798290770807e-08,1.0000089356042283,9.364687201111343e-08,1.000678834818459,7.110840455889351e-06
512,0.15,0.150390625,77,mixture,0.15,uncorrelated,0.03518156185919344,7.27984738994936e-05,50,7.668967927891096e-06,7.765668611570535e-08,1.0000076689332948,7.765590841126005e-08,1.0005826416817056,5.89742206109313e-06
512,0.15,0.150390625,77,mixture,0.25,correlated,0.04528045967190705,0.00013220104102347962,50,2.2916062812051342e-05,3.343865859880607e-07,1.0000229157238374,3.343754263663517e-07,1.0017396683695612,2.5349231301091647e-05
512,0.15,0.150390625,77,mixture,0.25,uncorrelated,0.03528270249487355,6.488137332388943e-05,50,7.665359098676583e-06,7.485036539835359e-08,1.000007665324279,7.484958772539122e-08,1.0005823663382842,5.6841424759876865e-06
512,0.15,0.150390625,77,mixture,0.35,correlated,0.06407173829460014,0.00019447912471421116,50,0.00011765932144177063,1.6413369629805201e-06,1.0001176508140006,1.6410703813050816e-06,1.0088936002158646,0.00012323542390963398
512,0.15,0.150390625,77,mixture,0.35,uncorrelated,0.03514567669172933,7.452171405339765e-05,50,7.6153813358525765e-06,7.550628099444677e-08,1.0000076153468687,7.550547611727699e-08,1.0005785700603058,5.7338358840703006e-06
512,0.15,0.150390625,77,mixture,0.45,correlated,0.09118276871155158,0.00038923429043792823,50,0.0006775624667731747,8.99018586192492e-06,1.0006772949920584,8.982408683542152e-06,1.0500456456020233,0.0006427047950710929
512,0.15,0.150390625,77,mixture,0.45,uncorrelated,0.03510039302802461,7.027053995953626e-05,50,7.651816235192878e-06,7.495223954274413e-08,1.0000076517816217,7.495149114156348e-08,1.0005813382668558,5.692053195307377e-06
512,0.2,0.19921875,102,block,0.15,correlated,0.03965789409823335,8.437748342038372e-05,50,1.1689207399550832e-05,1.0634254315380089e-07,1.0000116891272075,1.0634096848178393e-07,1.001179793221904,1.0724575669958186e-05
512,0.2,0.19921875,102,block,0.15,uncorrelated,0.03518218549796156,5.701334935747791e-05,50,7.648200834495107e-06,5.627938668405031e-08,1.0000076481676272,5.627883184563235e-08,1.000772129871297,5.678567560681281e-06
512,0.2,0.19921875,102,block,0.25,correlated,0.0656118805814405,0.0002253510370199319,50,5.3218987933088484e-05,5.993698800921761e-07,1.0000532172579737,5.993273176579892e-07,1.0053576063259464,6.010766014790966e-05
512,0.2,0.19921875,102,block,0.25,uncorrelated,0.03519579025917297,4.5973909231833346e-05,50,7.64713003104791e-06,5.487540650018338e-08,1.0000076470968324,5.4874906869483896e-08,1.000772021806066,5.537327169676874e-06
512,0.2,0.19921875,102,block,0.35,correlated,0.12218545246068724,0.000441070726673421,50,0.00034464610374384993,4.03975298976637e-06,1.000344576628416,4.038130893919373e-06,1.0341313791229214,0.0003925256255555897
512,0.2,0.19921875,102,block,0.35,uncorrelated,0.03522296944768006,5.262220492529363e-05,50,7.608458667645876e-06,5.512969205115975e-08,1.0000076084256728,5.512917122607142e-08,1.0007681180778538,5.562794732876178e-06
512,0.2,0.19921875,102,block,0.45,correlated,0.20304396294408852,0.0004837653660107671,50,0.0020190868781386614,1.8623081595386028e-05,1.0020168197667567,1.857993744178766e-05,1.1851382370341046,0.001557542128430408
512,0.2,0.19921875,102,block,0.45,uncorrelated,0.03528632183071248,5.001171616693632e-05,50,7.681016664157594e-06,5.652913100580053e-08,1.000007680983102,5.6528604805593656e-08,1.000775440655336,5.704083073955638e-06
512,0.2,0.19921875,102,latent,0.15,correlated,0.03963177659677732,8.51797408041924e-05,50,1.1704026731812756e-05,1.1905513406935397e-07,1.0000117039458614,1.1905337247560135e-07,1.0011812830792877,1.2006645410366442e-05
512,0.2,0.19921875,102,latent,0.15,uncorrelated,0.03533663062997476,6.803148265192452e-05,50,7.692620122818125e-06,5.42812811523297e-08,1.0000076925866663,5.428078410234804e-08,1.000776613676376,5.477346854854382e-06
512,0.2,0.19921875,102,latent,0.25,correlated,0.06608948808483789,0.0002759292049351546,50,5.425731974746051e-05,7.020004056362184e-07,1.0000542555092864,7.019506200300242e-07,1.005461667289184,7.040065306146778e-05
512,0.2,0.19921875,102,latent,0.25,uncorrelated,0.0352519231702582,5.408682531021248e-05,50,7.647182668785158e-06,5.591573465532841e-08,1.0000076471493673,5.591521032470752e-08,1.0007720260785316,5.642149363173232e-06
512,0.2,0.19921875,102,latent,0.35,correlated,0.12287271282275287,0.0004056461143492782,50,0.0003499363165793988,3.7361860538138106e-06,1.0003498649952622,3.734675576220516e-06,1.0346478436603583,0.0003629274797391753
512,0.2,0.19921875,102,latent,0.35,uncorrelated,0.035244142520869735,6.641196681611885e-05,50,7.610105436791657e-06,5.430916842794269e-08,1.00000761007268,5.4308679348826624e-08,1.0007682868224153,5.480244412383209e-06
512,0.2,0.19921875,102,latent,0.45,correlated,0.20303968586196855,0.0004617203438943875,50,0.002017040371253059,1.793747468585088e-05,1.0020147817945757,1.789653714533545e-05,1.1849898931426845,0.0015037961117098848
512,0.2,0.19921875,102,latent,0.45,uncorrelated,0.035212898587652884,5.631068554255871e-05,50,7.645026574465126e-06,5.641814807288442e-08,1.0000076449930657,5.641760997989995e-08,1.0007718062071091,5.692753109682861e-06
512,0.2,0.19921875,102,mixture,0.15,correlated,0.036728259682585904,7.237217668646893e-05,50,9.070923483794463e-06,7.48771170567195e-08,1.0000090708760465,7.487624073016835e-08,1.000915679953834,7.5536681971723635e-06
512,0.2,0.19921875,102,mixture,0.15,uncorrelated,0.03521670549407883,5.231490096296846e-05,50,7.5183936750127e-06,5.205511315572889e-08,1.0000075183617347,5.2054647713815955e-08,1.0007590322515802,5.252825581469723e-06
512,0.2,0.19921875,102,mixture,0.25,correlated,0.045443451514269075,9.79217835874402e-05,50,2.2977434043060598e-05,2.521762364520897e-07,1.0000229771099547,2.52168486261514e-07,1.002317426022406,2.539117940068977e-05
512,0.2,0.19921875,102,mixture,0.25,uncorrelated,0.035241943311978254,5.326981716853226e-05,50,7.679290065784269e-06,5.5963685713127057e-08,1.0000076792563197,5.596314018739492e-08,1.0007752644026273,5.646776920175386e-06
512,0.2,0.19921875,102,mixture,0.35,correlated,0.06447819598136284,0.00019746661079899863,50,0.0001226197506141027,1.7167491262900018e-06,1.0001226106874754,1.7164880024058536e-06,1.012293714569859,0.00017079731148592642
512,0.2,0.19921875,102,mixture,0.35,uncorrelated,0.03522397046689963,6.573782974755734e-05,50,7.613652903905786e-06,6.649692074978311e-08,1.0000076136200469,6.649631112401589e-08,1.0007686440970849,6.7099798474321685e-06
512,0.2,0.19921875,102,mixture,0.45,correlated,0.09094455263541057,0.00021932947924779004,50,0.000662364061607229,5.557887452738457e-06,1.0006621156900126,5.5536193892940945e-06,1.0645562485642872,0.0005227236708039033
512,0.2,0.19921875,102,mixture,0.45,uncorrelated,0.035328440472723745,5.1744801403752616e-05,50,7.755546224774583e-06,5.542237165345779e-08,1.0000077555120057,5.5421841894008604e-08,1.000782961449545,5.592264394661926e-06
512,0.3,0.30078125,154,block,0.15,correlated,0.039668043353705114,7.304100134508361e-05,50,1.1752077385293823e-05,9.537538197192839e-08,1.0000117519987688,9.537400953807582e-08,1.0017962317555078,1.4560426694410519e-05
512,0.3,0.30078125,154,block,0.15,uncorrelated,0.03522352596341567,3.258742057898568e-05,50,7.603633039472027e-06,3.1962563971856516e-08,1.000007603601457,3.196227296912026e-08,1.0011626175616823,4.883475974953541e-06
512,0.3,0.30078125,154,block,0.25,correlated,0.0656319829067991,0.00021935476401779377,50,5.3585335460067896e-05,5.427075066181411e-07,1.0000535836075028,5.426716197298334e-07,1.0081585680037382,8.22087594611751e-05
512,0.3,0.30078125,154,block,0.25,uncorrelated,0.03528448216407775,3.433612408031081e-05,50,7.724604992068156e-06,3.3893882526298146e-08,1.0000077245723773,3.389358752226342e-08,1.0011811021581,5.1788730642683834e-06
512,0.3,0.30078125,154,block,0.35,correlated,0.12231473744800951,0.00031102220313681964,50,0.00034670762707507565,2.82312849426489e-06,1.0003466374096706,2.8219818256935598e-06,1.0515085568331226,0.00040760825380972585
512,0.3,0.30078125,154,block,0.35,uncorrelated,0.0353221620087429,3.4599452158160894e-05,50,7.720374615055757e-06,4.2907670611085465e-08,1.0000077203420632,4.2907271517809914e-08,1.0011804563804556,6.555553147658585e-06
512,0.3,0.30078125,154,block,0.45,correlated,0.20292961123843478,0.000404897941745904,50,0.002010068449655299,1.4920072372718022e-05,1.0020078293492651,1.4886426523719693e-05,1.2683795443916908,0.0017667375817276578
512,0.3,0.30078125,154,block,0.45,uncorrelated,0.03526592076224429,3.6902470856915835e-05,50,7.655681932445732e-06,3.443593867868725e-08,1.0000076556500799,3.4435641560586746e-08,1.0011705747260815,5.261758071264071e-06
512,0.3,0.30078125,154,latent,0.15,correlated,0.0397701012223071,7.327310933655758e-05,50,1.1935696382235299e-05,9.276254521992435e-08,1.0000119356152262,9.276117569903593e-08,1.001824266217979,1.4160732301273179e-05
512,0.3,0.30078125,154,latent,0.15,uncorrelated,0.035220979490280954,3.1118059898712085e-05,50,7.613854001255907e-06,3.39452580820026e-08,1.0000076138223002,3.394494507625709e-08,1.0011641785973528,5.1863145146708574e-06
512,0.3,0.30078125,154,latent,0.25,correlated,0.06570884130167218,0.00020019694956868467,50,5.3382061877244165e-05,4.985725366007168e-07,1.0000533803562404,4.985382383751672e-07,1.008127976784887,7.549327065976075e-05
512,0.3,0.30078125,154,latent,0.25,uncorrelated,0.03522863217256599,3.1580796084077144e-05,50,7.556733141681717e-06,3.8116594573754065e-08,1.0000075567019966,3.811625318481004e-08,1.0011554520916695,5.823865447384792e-06
512,0.3,0.30078125,154,latent,0.35,correlated,0.12255844288472964,0.0002735933432922239,50,0.00034707210450625714,2.595988592400977e-06,1.0003470020802916,2.5949034507536344e-06,1.0515677742618565,0.0003742458879073855
512,0.3,0.30078125,154,latent,0.35,uncorrelated,0.035257386098378744,3.436258709675278e-05,50,7.6055331524512986e-06,3.725755968080137e-08,1.0000076055015519,3.72572338850083e-08,1.001162907849498,5.692796840904976e-06
512,0.3,0.30078125,154,latent,0.45,correlated,0.2027109461208726,0.00031609410204641136,50,0.0020008076527548734,1.2035300406917548e-05,1.0019985969089367,1.2008344442561134e-05,1.2673538975843899,0.0014259479351859245
512,0.3,0.30078125,154,latent,0.45,uncorrelated,0.035229315210932866,2.9705288020921716e-05,50,7.627468105092051e-06,3.703106056636032e-08,1.0000076274364371,3.7030733070855405e-08,1.0011662623262079,5.658102802940103e-06
512,0.3,0.30078125,154,mixture,0.15,correlated,0.036767199303964014,3.935697998383126e-05,50,9.077508912349541e-06,5.148105691113674e-08,1.0000090774636772,5.148052216831568e-08,1.0013878017109878,7.864116262810185e-06
512,0.3,0.30078125,154,mixture,0.15,uncorrelated,0.03517213229988966,3.6174867417016574e-05,50,7.652833918862887e-06,3.9597390319703645e-08,1.0000076528020072,3.959704537370591e-08,1.0011701375988542,6.050343417814285e-06
512,0.3,0.30078125,154,mixture,0.25,correlated,0.045394219240726584,8.162406121997821e-05,50,2.2901150808854113e-05,1.999374017644434e-07,1.0000229008400288,1.999318454398298e-07,1.003496636119625,3.0461315543070428e-05
512,0.3,0.30078125,154,mixture,0.25,uncorrelated,0.035214726041931925,3.631397988065312e-05,50,7.655931681906055e-06,3.4902249027951313e-08,1.0000076558997264,3.49019350443158e-08,1.0011706105326692,5.332710758907085e-06
512,0.3,0.30078125,154,mixture,0.35,correlated,0.0642515026844071,0.0001299844867721241,50,0.00012017991203505688,1.0324394927292633e-06,1.0001201713365493,1.0322916034904767e-06,1.0181916943751919,0.00015462761694051423
512,0.3,0.30078125,154,mixture,0.35,uncorrelated,0.03524648401027077,3.390756640809911e-05,50,7.618152073804975e-06,4.013748877455757e-08,1.0000076181203954,4.0137125767238553e-08,1.0011648367403696,6.132558174784289e-06
512,0.3,0.30078125,154,mixture,0.45,correlated,0.09082561433664375,0.00020071623730656628,50,0.0006674804039762781,5.436518378608784e-06,1.0006672284862728,5.432215198129153e-06,1.0968733170733282,0.0007474428768536255
512,0.3,0.30078125,154,mixture,0.45,uncorrelated,0.035254567736185384,3.3212415475250415e-05,50,7.68944560574749e-06,3.391099719032831e-08,1.0000076894133358,3.391069234245601e-08,1.0011757308271791,5.181262827261559e-06
